"Inventarizēto meža zemes platību sadalījums pa zemes kategorijām (ha) - Meža īpašuma forma, Zemes kategorija, Teritoriālā vienība un Laika periods"

"Meža īpašuma forma","Zemes kategorija","Teritoriālā vienība","2024"
"Pavisam","Meža zeme","Latvija",3454604
"Pavisam","Meža zeme","Rīga",5577
"Pavisam","Meža zeme","Daugavpils",1591
"Pavisam","Meža zeme","Jelgava",1182
"Pavisam","Meža zeme","Jēkabpils",192
"Pavisam","Meža zeme","Jūrmala",4811
"Pavisam","Meža zeme","Liepāja",1212
"Pavisam","Meža zeme","Ogre",223
"Pavisam","Meža zeme","Rēzekne",8
"Pavisam","Meža zeme","Valmiera",404
"Pavisam","Meža zeme","Ventspils",1522
"Pavisam","Meža zeme","Aizkraukles novads",142086
"Pavisam","Meža zeme","Alūksnes novads",113446
"Pavisam","Meža zeme","Augšdaugavas novads",101029
"Pavisam","Meža zeme","Ādažu novads",15690
"Pavisam","Meža zeme","Balvu novads",133675
"Pavisam","Meža zeme","Bauskas novads",86926
"Pavisam","Meža zeme","Cēsu novads",160462
"Pavisam","Meža zeme","Dienvidkurzemes novads",177602
"Pavisam","Meža zeme","Dobeles novads",54561
"Pavisam","Meža zeme","Gulbenes novads",112152
"Pavisam","Meža zeme","Jelgavas novads",53284
"Pavisam","Meža zeme","Jēkabpils novads",168363
"Pavisam","Meža zeme","Krāslavas novads",97049
"Pavisam","Meža zeme","Kuldīgas novads",148993
"Pavisam","Meža zeme","Ķekavas novads",26955
"Pavisam","Meža zeme","Limbažu novads",154032
"Pavisam","Meža zeme","Līvānu novads",28647
"Pavisam","Meža zeme","Ludzas novads",131257
"Pavisam","Meža zeme","Madonas novads (no 01.07.2025.)",0
"Pavisam","Meža zeme","Madonas novads",173531
"Pavisam","Meža zeme","Mārupes novads",16242
"Pavisam","Meža zeme","Ogres novads",102802
"Pavisam","Meža zeme","Olaines novads",22208
"Pavisam","Meža zeme","Preiļu novads",51728
"Pavisam","Meža zeme","Rēzeknes novads",110660
"Pavisam","Meža zeme","Ropažu novads",37919
"Pavisam","Meža zeme","Salaspils novads",3872
"Pavisam","Meža zeme","Saldus novads",110206
"Pavisam","Meža zeme","Saulkrastu novads",18872
"Pavisam","Meža zeme","Siguldas novads",59689
"Pavisam","Meža zeme","Smiltenes novads",108192
"Pavisam","Meža zeme","Talsu novads",177882
"Pavisam","Meža zeme","Tukuma novads",120618
"Pavisam","Meža zeme","Valkas novads",62378
"Pavisam","Meža zeme","Valmieras novads",163086
"Pavisam","Meža zeme","Varakļānu novads",12234
"Pavisam","Meža zeme","Ventspils novads",180375
"Pavisam","Mežs","Latvija",3136955
"Pavisam","Mežs","Rīga",5449
"Pavisam","Mežs","Daugavpils",1551
"Pavisam","Mežs","Jelgava",1121
"Pavisam","Mežs","Jēkabpils",189
"Pavisam","Mežs","Jūrmala",4270
"Pavisam","Mežs","Liepāja",1029
"Pavisam","Mežs","Ogre",219
"Pavisam","Mežs","Rēzekne",8
"Pavisam","Mežs","Valmiera",395
"Pavisam","Mežs","Ventspils",1344
"Pavisam","Mežs","Aizkraukles novads",131183
"Pavisam","Mežs","Alūksnes novads",106987
"Pavisam","Mežs","Augšdaugavas novads",93932
"Pavisam","Mežs","Ādažu novads",12524
"Pavisam","Mežs","Balvu novads",114712
"Pavisam","Mežs","Bauskas novads",80341
"Pavisam","Mežs","Cēsu novads",150110
"Pavisam","Mežs","Dienvidkurzemes novads",162108
"Pavisam","Mežs","Dobeles novads",50345
"Pavisam","Mežs","Gulbenes novads",105922
"Pavisam","Mežs","Jelgavas novads",47901
"Pavisam","Mežs","Jēkabpils novads",143211
"Pavisam","Mežs","Krāslavas novads",92290
"Pavisam","Mežs","Kuldīgas novads",139820
"Pavisam","Mežs","Ķekavas novads",25243
"Pavisam","Mežs","Limbažu novads",138091
"Pavisam","Mežs","Līvānu novads",19875
"Pavisam","Mežs","Ludzas novads",118143
"Pavisam","Mežs","Madonas novads (no 01.07.2025.)",0
"Pavisam","Mežs","Madonas novads",157440
"Pavisam","Mežs","Mārupes novads",12374
"Pavisam","Mežs","Ogres novads",96917
"Pavisam","Mežs","Olaines novads",18531
"Pavisam","Mežs","Preiļu novads",44741
"Pavisam","Mežs","Rēzeknes novads",99045
"Pavisam","Mežs","Ropažu novads",35515
"Pavisam","Mežs","Salaspils novads",3655
"Pavisam","Mežs","Saldus novads",101827
"Pavisam","Mežs","Saulkrastu novads",16566
"Pavisam","Mežs","Siguldas novads",53541
"Pavisam","Mežs","Smiltenes novads",100457
"Pavisam","Mežs","Talsu novads",163431
"Pavisam","Mežs","Tukuma novads",107959
"Pavisam","Mežs","Valkas novads",57611
"Pavisam","Mežs","Valmieras novads",148625
"Pavisam","Mežs","Varakļānu novads",6370
"Pavisam","Mežs","Ventspils novads",164839
"Pavisam","..mežaudzes","Latvija",2977555
"Pavisam","..mežaudzes","Rīga",5437
"Pavisam","..mežaudzes","Daugavpils",1549
"Pavisam","..mežaudzes","Jelgava",1101
"Pavisam","..mežaudzes","Jēkabpils",189
"Pavisam","..mežaudzes","Jūrmala",4260
"Pavisam","..mežaudzes","Liepāja",1015
"Pavisam","..mežaudzes","Ogre",215
"Pavisam","..mežaudzes","Rēzekne",8
"Pavisam","..mežaudzes","Valmiera",395
"Pavisam","..mežaudzes","Ventspils",1341
"Pavisam","..mežaudzes","Aizkraukles novads",123502
"Pavisam","..mežaudzes","Alūksnes novads",101399
"Pavisam","..mežaudzes","Augšdaugavas novads",89352
"Pavisam","..mežaudzes","Ādažu novads",12237
"Pavisam","..mežaudzes","Balvu novads",108816
"Pavisam","..mežaudzes","Bauskas novads",75236
"Pavisam","..mežaudzes","Cēsu novads",142333
"Pavisam","..mežaudzes","Dienvidkurzemes novads",154634
"Pavisam","..mežaudzes","Dobeles novads",47471
"Pavisam","..mežaudzes","Gulbenes novads",99639
"Pavisam","..mežaudzes","Jelgavas novads",44876
"Pavisam","..mežaudzes","Jēkabpils novads",134376
"Pavisam","..mežaudzes","Krāslavas novads",87135
"Pavisam","..mežaudzes","Kuldīgas novads",134019
"Pavisam","..mežaudzes","Ķekavas novads",23425
"Pavisam","..mežaudzes","Limbažu novads",129752
"Pavisam","..mežaudzes","Līvānu novads",18923
"Pavisam","..mežaudzes","Ludzas novads",112486
"Pavisam","..mežaudzes","Madonas novads (no 01.07.2025.)",0
"Pavisam","..mežaudzes","Madonas novads",149530
"Pavisam","..mežaudzes","Mārupes novads",11784
"Pavisam","..mežaudzes","Ogres novads",91670
"Pavisam","..mežaudzes","Olaines novads",17706
"Pavisam","..mežaudzes","Preiļu novads",41771
"Pavisam","..mežaudzes","Rēzeknes novads",93607
"Pavisam","..mežaudzes","Ropažu novads",34435
"Pavisam","..mežaudzes","Salaspils novads",3426
"Pavisam","..mežaudzes","Saldus novads",95864
"Pavisam","..mežaudzes","Saulkrastu novads",15994
"Pavisam","..mežaudzes","Siguldas novads",50556
"Pavisam","..mežaudzes","Smiltenes novads",94981
"Pavisam","..mežaudzes","Talsu novads",156667
"Pavisam","..mežaudzes","Tukuma novads",103682
"Pavisam","..mežaudzes","Valkas novads",55144
"Pavisam","..mežaudzes","Valmieras novads",140581
"Pavisam","..mežaudzes","Varakļānu novads",6069
"Pavisam","..mežaudzes","Ventspils novads",159768
"Pavisam","Purvi","Latvija",164469
"Pavisam","Purvi","Rīga",31
"Pavisam","Purvi","Daugavpils",10
"Pavisam","Purvi","Jelgava",0
"Pavisam","Purvi","Jēkabpils",0
"Pavisam","Purvi","Jūrmala",306
"Pavisam","Purvi","Liepāja",49
"Pavisam","Purvi","Ogre",0
"Pavisam","Purvi","Rēzekne",0
"Pavisam","Purvi","Valmiera",1
"Pavisam","Purvi","Ventspils",141
"Pavisam","Purvi","Aizkraukles novads",3111
"Pavisam","Purvi","Alūksnes novads",1888
"Pavisam","Purvi","Augšdaugavas novads",2720
"Pavisam","Purvi","Ādažu novads",198
"Pavisam","Purvi","Balvu novads",14820
"Pavisam","Purvi","Bauskas novads",920
"Pavisam","Purvi","Cēsu novads",5613
"Pavisam","Purvi","Dienvidkurzemes novads",5199
"Pavisam","Purvi","Dobeles novads",788
"Pavisam","Purvi","Gulbenes novads",1590
"Pavisam","Purvi","Jelgavas novads",2071
"Pavisam","Purvi","Jēkabpils novads",18396
"Pavisam","Purvi","Krāslavas novads",2197
"Pavisam","Purvi","Kuldīgas novads",2462
"Pavisam","Purvi","Ķekavas novads",226
"Pavisam","Purvi","Limbažu novads",10631
"Pavisam","Purvi","Līvānu novads",7634
"Pavisam","Purvi","Ludzas novads",8527
"Pavisam","Purvi","Madonas novads (no 01.07.2025.)",0
"Pavisam","Purvi","Madonas novads",8406
"Pavisam","Purvi","Mārupes novads",2437
"Pavisam","Purvi","Ogres novads",1456
"Pavisam","Purvi","Olaines novads",662
"Pavisam","Purvi","Preiļu novads",5332
"Pavisam","Purvi","Rēzeknes novads",8390
"Pavisam","Purvi","Ropažu novads",984
"Pavisam","Purvi","Salaspils novads",87
"Pavisam","Purvi","Saldus novads",1997
"Pavisam","Purvi","Saulkrastu novads",1581
"Pavisam","Purvi","Siguldas novads",4143
"Pavisam","Purvi","Smiltenes novads",3356
"Pavisam","Purvi","Talsu novads",5657
"Pavisam","Purvi","Tukuma novads",7561
"Pavisam","Purvi","Valkas novads",1916
"Pavisam","Purvi","Valmieras novads",8107
"Pavisam","Purvi","Varakļānu novads",5579
"Pavisam","Purvi","Ventspils novads",7289
"Pavisam","Lauces","Latvija",24089
"Pavisam","Lauces","Rīga",13
"Pavisam","Lauces","Daugavpils",12
"Pavisam","Lauces","Jelgava",3
"Pavisam","Lauces","Jēkabpils",2
"Pavisam","Lauces","Jūrmala",4
"Pavisam","Lauces","Liepāja",96
"Pavisam","Lauces","Ogre",2
"Pavisam","Lauces","Rēzekne",0
"Pavisam","Lauces","Valmiera",4
"Pavisam","Lauces","Ventspils",21
"Pavisam","Lauces","Aizkraukles novads",935
"Pavisam","Lauces","Alūksnes novads",600
"Pavisam","Lauces","Augšdaugavas novads",704
"Pavisam","Lauces","Ādažu novads",15
"Pavisam","Lauces","Balvu novads",540
"Pavisam","Lauces","Bauskas novads",842
"Pavisam","Lauces","Cēsu novads",1104
"Pavisam","Lauces","Dienvidkurzemes novads",1946
"Pavisam","Lauces","Dobeles novads",356
"Pavisam","Lauces","Gulbenes novads",304
"Pavisam","Lauces","Jelgavas novads",213
"Pavisam","Lauces","Jēkabpils novads",1864
"Pavisam","Lauces","Krāslavas novads",767
"Pavisam","Lauces","Kuldīgas novads",1204
"Pavisam","Lauces","Ķekavas novads",185
"Pavisam","Lauces","Limbažu novads",759
"Pavisam","Lauces","Līvānu novads",134
"Pavisam","Lauces","Ludzas novads",1186
"Pavisam","Lauces","Madonas novads (no 01.07.2025.)",0
"Pavisam","Lauces","Madonas novads",1294
"Pavisam","Lauces","Mārupes novads",127
"Pavisam","Lauces","Ogres novads",787
"Pavisam","Lauces","Olaines novads",127
"Pavisam","Lauces","Preiļu novads",398
"Pavisam","Lauces","Rēzeknes novads",859
"Pavisam","Lauces","Ropažu novads",89
"Pavisam","Lauces","Salaspils novads",23
"Pavisam","Lauces","Saldus novads",1081
"Pavisam","Lauces","Saulkrastu novads",45
"Pavisam","Lauces","Siguldas novads",185
"Pavisam","Lauces","Smiltenes novads",579
"Pavisam","Lauces","Talsu novads",1247
"Pavisam","Lauces","Tukuma novads",848
"Pavisam","Lauces","Valkas novads",308
"Pavisam","Lauces","Valmieras novads",1037
"Pavisam","Lauces","Varakļānu novads",101
"Pavisam","Lauces","Ventspils novads",1146
"Pavisam","Pārplūstošie klajumi","Latvija",18943
"Pavisam","Pārplūstošie klajumi","Rīga",8
"Pavisam","Pārplūstošie klajumi","Daugavpils",3
"Pavisam","Pārplūstošie klajumi","Jelgava",0
"Pavisam","Pārplūstošie klajumi","Jēkabpils",0
"Pavisam","Pārplūstošie klajumi","Jūrmala",194
"Pavisam","Pārplūstošie klajumi","Liepāja",19
"Pavisam","Pārplūstošie klajumi","Ogre",0
"Pavisam","Pārplūstošie klajumi","Rēzekne",0
"Pavisam","Pārplūstošie klajumi","Valmiera",2
"Pavisam","Pārplūstošie klajumi","Ventspils",2
"Pavisam","Pārplūstošie klajumi","Aizkraukles novads",699
"Pavisam","Pārplūstošie klajumi","Alūksnes novads",356
"Pavisam","Pārplūstošie klajumi","Augšdaugavas novads",767
"Pavisam","Pārplūstošie klajumi","Ādažu novads",14
"Pavisam","Pārplūstošie klajumi","Balvu novads",230
"Pavisam","Pārplūstošie klajumi","Bauskas novads",592
"Pavisam","Pārplūstošie klajumi","Cēsu novads",1035
"Pavisam","Pārplūstošie klajumi","Dienvidkurzemes novads",1854
"Pavisam","Pārplūstošie klajumi","Dobeles novads",766
"Pavisam","Pārplūstošie klajumi","Gulbenes novads",319
"Pavisam","Pārplūstošie klajumi","Jelgavas novads",190
"Pavisam","Pārplūstošie klajumi","Jēkabpils novads",635
"Pavisam","Pārplūstošie klajumi","Krāslavas novads",593
"Pavisam","Pārplūstošie klajumi","Kuldīgas novads",1329
"Pavisam","Pārplūstošie klajumi","Ķekavas novads",36
"Pavisam","Pārplūstošie klajumi","Limbažu novads",411
"Pavisam","Pārplūstošie klajumi","Līvānu novads",44
"Pavisam","Pārplūstošie klajumi","Ludzas novads",601
"Pavisam","Pārplūstošie klajumi","Madonas novads (no 01.07.2025.)",0
"Pavisam","Pārplūstošie klajumi","Madonas novads",640
"Pavisam","Pārplūstošie klajumi","Mārupes novads",188
"Pavisam","Pārplūstošie klajumi","Ogres novads",236
"Pavisam","Pārplūstošie klajumi","Olaines novads",47
"Pavisam","Pārplūstošie klajumi","Preiļu novads",155
"Pavisam","Pārplūstošie klajumi","Rēzeknes novads",440
"Pavisam","Pārplūstošie klajumi","Ropažu novads",107
"Pavisam","Pārplūstošie klajumi","Salaspils novads",6
"Pavisam","Pārplūstošie klajumi","Saldus novads",1458
"Pavisam","Pārplūstošie klajumi","Saulkrastu novads",50
"Pavisam","Pārplūstošie klajumi","Siguldas novads",170
"Pavisam","Pārplūstošie klajumi","Smiltenes novads",464
"Pavisam","Pārplūstošie klajumi","Talsu novads",1007
"Pavisam","Pārplūstošie klajumi","Tukuma novads",1163
"Pavisam","Pārplūstošie klajumi","Valkas novads",218
"Pavisam","Pārplūstošie klajumi","Valmieras novads",1061
"Pavisam","Pārplūstošie klajumi","Varakļānu novads",16
"Pavisam","Pārplūstošie klajumi","Ventspils novads",818
"Pavisam","Zem infrastruktūras objektiem","Latvija",90298
"Pavisam","Zem infrastruktūras objektiem","Rīga",38
"Pavisam","Zem infrastruktūras objektiem","Daugavpils",16
"Pavisam","Zem infrastruktūras objektiem","Jelgava",58
"Pavisam","Zem infrastruktūras objektiem","Jēkabpils",0
"Pavisam","Zem infrastruktūras objektiem","Jūrmala",13
"Pavisam","Zem infrastruktūras objektiem","Liepāja",1
"Pavisam","Zem infrastruktūras objektiem","Ogre",2
"Pavisam","Zem infrastruktūras objektiem","Rēzekne",0
"Pavisam","Zem infrastruktūras objektiem","Valmiera",1
"Pavisam","Zem infrastruktūras objektiem","Ventspils",6
"Pavisam","Zem infrastruktūras objektiem","Aizkraukles novads",4791
"Pavisam","Zem infrastruktūras objektiem","Alūksnes novads",2942
"Pavisam","Zem infrastruktūras objektiem","Augšdaugavas novads",2397
"Pavisam","Zem infrastruktūras objektiem","Ādažu novads",138
"Pavisam","Zem infrastruktūras objektiem","Balvu novads",3222
"Pavisam","Zem infrastruktūras objektiem","Bauskas novads",3101
"Pavisam","Zem infrastruktūras objektiem","Cēsu novads",1590
"Pavisam","Zem infrastruktūras objektiem","Dienvidkurzemes novads",5531
"Pavisam","Zem infrastruktūras objektiem","Dobeles novads",2049
"Pavisam","Zem infrastruktūras objektiem","Gulbenes novads",3775
"Pavisam","Zem infrastruktūras objektiem","Jelgavas novads",2898
"Pavisam","Zem infrastruktūras objektiem","Jēkabpils novads",4035
"Pavisam","Zem infrastruktūras objektiem","Krāslavas novads",699
"Pavisam","Zem infrastruktūras objektiem","Kuldīgas novads",3593
"Pavisam","Zem infrastruktūras objektiem","Ķekavas novads",1132
"Pavisam","Zem infrastruktūras objektiem","Limbažu novads",3438
"Pavisam","Zem infrastruktūras objektiem","Līvānu novads",895
"Pavisam","Zem infrastruktūras objektiem","Ludzas novads",1917
"Pavisam","Zem infrastruktūras objektiem","Madonas novads (no 01.07.2025.)",0
"Pavisam","Zem infrastruktūras objektiem","Madonas novads",4724
"Pavisam","Zem infrastruktūras objektiem","Mārupes novads",558
"Pavisam","Zem infrastruktūras objektiem","Ogres novads",3019
"Pavisam","Zem infrastruktūras objektiem","Olaines novads",1433
"Pavisam","Zem infrastruktūras objektiem","Preiļu novads",948
"Pavisam","Zem infrastruktūras objektiem","Rēzeknes novads",1644
"Pavisam","Zem infrastruktūras objektiem","Ropažu novads",1143
"Pavisam","Zem infrastruktūras objektiem","Salaspils novads",75
"Pavisam","Zem infrastruktūras objektiem","Saldus novads",3160
"Pavisam","Zem infrastruktūras objektiem","Saulkrastu novads",340
"Pavisam","Zem infrastruktūras objektiem","Siguldas novads",1177
"Pavisam","Zem infrastruktūras objektiem","Smiltenes novads",2901
"Pavisam","Zem infrastruktūras objektiem","Talsu novads",6032
"Pavisam","Zem infrastruktūras objektiem","Tukuma novads",2838
"Pavisam","Zem infrastruktūras objektiem","Valkas novads",2190
"Pavisam","Zem infrastruktūras objektiem","Valmieras novads",3573
"Pavisam","Zem infrastruktūras objektiem","Varakļānu novads",165
"Pavisam","Zem infrastruktūras objektiem","Ventspils novads",6104
"Pavisam","..ceļi","Latvija",24981
"Pavisam","..ceļi","Rīga",23
"Pavisam","..ceļi","Daugavpils",8
"Pavisam","..ceļi","Jelgava",2
"Pavisam","..ceļi","Jēkabpils",0
"Pavisam","..ceļi","Jūrmala",5
"Pavisam","..ceļi","Liepāja",1
"Pavisam","..ceļi","Ogre",1
"Pavisam","..ceļi","Rēzekne",0
"Pavisam","..ceļi","Valmiera",1
"Pavisam","..ceļi","Ventspils",5
"Pavisam","..ceļi","Aizkraukles novads",1413
"Pavisam","..ceļi","Alūksnes novads",834
"Pavisam","..ceļi","Augšdaugavas novads",749
"Pavisam","..ceļi","Ādažu novads",45
"Pavisam","..ceļi","Balvu novads",845
"Pavisam","..ceļi","Bauskas novads",1096
"Pavisam","..ceļi","Cēsu novads",532
"Pavisam","..ceļi","Dienvidkurzemes novads",1790
"Pavisam","..ceļi","Dobeles novads",539
"Pavisam","..ceļi","Gulbenes novads",1033
"Pavisam","..ceļi","Jelgavas novads",648
"Pavisam","..ceļi","Jēkabpils novads",1030
"Pavisam","..ceļi","Krāslavas novads",328
"Pavisam","..ceļi","Kuldīgas novads",1474
"Pavisam","..ceļi","Ķekavas novads",303
"Pavisam","..ceļi","Limbažu novads",741
"Pavisam","..ceļi","Līvānu novads",113
"Pavisam","..ceļi","Ludzas novads",601
"Pavisam","..ceļi","Madonas novads (no 01.07.2025.)",0
"Pavisam","..ceļi","Madonas novads",961
"Pavisam","..ceļi","Mārupes novads",72
"Pavisam","..ceļi","Ogres novads",920
"Pavisam","..ceļi","Olaines novads",268
"Pavisam","..ceļi","Preiļu novads",181
"Pavisam","..ceļi","Rēzeknes novads",470
"Pavisam","..ceļi","Ropažu novads",301
"Pavisam","..ceļi","Salaspils novads",17
"Pavisam","..ceļi","Saldus novads",882
"Pavisam","..ceļi","Saulkrastu novads",63
"Pavisam","..ceļi","Siguldas novads",280
"Pavisam","..ceļi","Smiltenes novads",754
"Pavisam","..ceļi","Talsu novads",1656
"Pavisam","..ceļi","Tukuma novads",873
"Pavisam","..ceļi","Valkas novads",437
"Pavisam","..ceļi","Valmieras novads",762
"Pavisam","..ceļi","Varakļānu novads",22
"Pavisam","..ceļi","Ventspils novads",1904
"Pavisam","..grāvji","Latvija",65317
"Pavisam","..grāvji","Rīga",15
"Pavisam","..grāvji","Daugavpils",8
"Pavisam","..grāvji","Jelgava",56
"Pavisam","..grāvji","Jēkabpils",0
"Pavisam","..grāvji","Jūrmala",8
"Pavisam","..grāvji","Liepāja",1
"Pavisam","..grāvji","Ogre",2
"Pavisam","..grāvji","Rēzekne",0
"Pavisam","..grāvji","Valmiera",0
"Pavisam","..grāvji","Ventspils",1
"Pavisam","..grāvji","Aizkraukles novads",3378
"Pavisam","..grāvji","Alūksnes novads",2108
"Pavisam","..grāvji","Augšdaugavas novads",1648
"Pavisam","..grāvji","Ādažu novads",93
"Pavisam","..grāvji","Balvu novads",2377
"Pavisam","..grāvji","Bauskas novads",2006
"Pavisam","..grāvji","Cēsu novads",1059
"Pavisam","..grāvji","Dienvidkurzemes novads",3740
"Pavisam","..grāvji","Dobeles novads",1510
"Pavisam","..grāvji","Gulbenes novads",2742
"Pavisam","..grāvji","Jelgavas novads",2250
"Pavisam","..grāvji","Jēkabpils novads",3006
"Pavisam","..grāvji","Krāslavas novads",371
"Pavisam","..grāvji","Kuldīgas novads",2119
"Pavisam","..grāvji","Ķekavas novads",829
"Pavisam","..grāvji","Limbažu novads",2697
"Pavisam","..grāvji","Līvānu novads",782
"Pavisam","..grāvji","Ludzas novads",1316
"Pavisam","..grāvji","Madonas novads (no 01.07.2025.)",0
"Pavisam","..grāvji","Madonas novads",3764
"Pavisam","..grāvji","Mārupes novads",486
"Pavisam","..grāvji","Ogres novads",2099
"Pavisam","..grāvji","Olaines novads",1165
"Pavisam","..grāvji","Preiļu novads",767
"Pavisam","..grāvji","Rēzeknes novads",1174
"Pavisam","..grāvji","Ropažu novads",842
"Pavisam","..grāvji","Salaspils novads",58
"Pavisam","..grāvji","Saldus novads",2278
"Pavisam","..grāvji","Saulkrastu novads",277
"Pavisam","..grāvji","Siguldas novads",896
"Pavisam","..grāvji","Smiltenes novads",2148
"Pavisam","..grāvji","Talsu novads",4376
"Pavisam","..grāvji","Tukuma novads",1965
"Pavisam","..grāvji","Valkas novads",1752
"Pavisam","..grāvji","Valmieras novads",2811
"Pavisam","..grāvji","Varakļānu novads",143
"Pavisam","..grāvji","Ventspils novads",4200
"Pavisam","Pārējās meža zemes","Latvija",19843
"Pavisam","Pārējās meža zemes","Rīga",38
"Pavisam","Pārējās meža zemes","Daugavpils",0
"Pavisam","Pārējās meža zemes","Jelgava",0
"Pavisam","Pārējās meža zemes","Jēkabpils",0
"Pavisam","Pārējās meža zemes","Jūrmala",25
"Pavisam","Pārējās meža zemes","Liepāja",17
"Pavisam","Pārējās meža zemes","Ogre",0
"Pavisam","Pārējās meža zemes","Rēzekne",0
"Pavisam","Pārējās meža zemes","Valmiera",1
"Pavisam","Pārējās meža zemes","Ventspils",8
"Pavisam","Pārējās meža zemes","Aizkraukles novads",1367
"Pavisam","Pārējās meža zemes","Alūksnes novads",673
"Pavisam","Pārējās meža zemes","Augšdaugavas novads",508
"Pavisam","Pārējās meža zemes","Ādažu novads",2800
"Pavisam","Pārējās meža zemes","Balvu novads",151
"Pavisam","Pārējās meža zemes","Bauskas novads",1127
"Pavisam","Pārējās meža zemes","Cēsu novads",1002
"Pavisam","Pārējās meža zemes","Dienvidkurzemes novads",965
"Pavisam","Pārējās meža zemes","Dobeles novads",257
"Pavisam","Pārējās meža zemes","Gulbenes novads",242
"Pavisam","Pārējās meža zemes","Jelgavas novads",11
"Pavisam","Pārējās meža zemes","Jēkabpils novads",223
"Pavisam","Pārējās meža zemes","Krāslavas novads",503
"Pavisam","Pārējās meža zemes","Kuldīgas novads",586
"Pavisam","Pārējās meža zemes","Ķekavas novads",133
"Pavisam","Pārējās meža zemes","Limbažu novads",703
"Pavisam","Pārējās meža zemes","Līvānu novads",65
"Pavisam","Pārējās meža zemes","Ludzas novads",884
"Pavisam","Pārējās meža zemes","Madonas novads (no 01.07.2025.)",0
"Pavisam","Pārējās meža zemes","Madonas novads",1026
"Pavisam","Pārējās meža zemes","Mārupes novads",557
"Pavisam","Pārējās meža zemes","Ogres novads",386
"Pavisam","Pārējās meža zemes","Olaines novads",1408
"Pavisam","Pārējās meža zemes","Preiļu novads",153
"Pavisam","Pārējās meža zemes","Rēzeknes novads",282
"Pavisam","Pārējās meža zemes","Ropažu novads",81
"Pavisam","Pārējās meža zemes","Salaspils novads",27
"Pavisam","Pārējās meža zemes","Saldus novads",682
"Pavisam","Pārējās meža zemes","Saulkrastu novads",289
"Pavisam","Pārējās meža zemes","Siguldas novads",473
"Pavisam","Pārējās meža zemes","Smiltenes novads",434
"Pavisam","Pārējās meža zemes","Talsu novads",507
"Pavisam","Pārējās meža zemes","Tukuma novads",249
"Pavisam","Pārējās meža zemes","Valkas novads",136
"Pavisam","Pārējās meža zemes","Valmieras novads",683
"Pavisam","Pārējās meža zemes","Varakļānu novads",3
"Pavisam","Pārējās meža zemes","Ventspils novads",178
"Valsts meži","Meža zeme","Latvija",1732798
"Valsts meži","Meža zeme","Rīga",260
"Valsts meži","Meža zeme","Daugavpils",128
"Valsts meži","Meža zeme","Jelgava",427
"Valsts meži","Meža zeme","Jēkabpils",85
"Valsts meži","Meža zeme","Jūrmala",2408
"Valsts meži","Meža zeme","Liepāja",31
"Valsts meži","Meža zeme","Ogre",7
"Valsts meži","Meža zeme","Rēzekne",0
"Valsts meži","Meža zeme","Valmiera",73
"Valsts meži","Meža zeme","Ventspils",436
"Valsts meži","Meža zeme","Aizkraukles novads",83472
"Valsts meži","Meža zeme","Alūksnes novads",50352
"Valsts meži","Meža zeme","Augšdaugavas novads",51647
"Valsts meži","Meža zeme","Ādažu novads",10097
"Valsts meži","Meža zeme","Balvu novads",62111
"Valsts meži","Meža zeme","Bauskas novads",53304
"Valsts meži","Meža zeme","Cēsu novads",50092
"Valsts meži","Meža zeme","Dienvidkurzemes novads",105642
"Valsts meži","Meža zeme","Dobeles novads",34651
"Valsts meži","Meža zeme","Gulbenes novads",58633
"Valsts meži","Meža zeme","Jelgavas novads",43191
"Valsts meži","Meža zeme","Jēkabpils novads",94301
"Valsts meži","Meža zeme","Krāslavas novads",17643
"Valsts meži","Meža zeme","Kuldīgas novads",84815
"Valsts meži","Meža zeme","Ķekavas novads",15145
"Valsts meži","Meža zeme","Limbažu novads",67038
"Valsts meži","Meža zeme","Līvānu novads",17866
"Valsts meži","Meža zeme","Ludzas novads",42439
"Valsts meži","Meža zeme","Madonas novads (no 01.07.2025.)",0
"Valsts meži","Meža zeme","Madonas novads",68336
"Valsts meži","Meža zeme","Mārupes novads",2085
"Valsts meži","Meža zeme","Ogres novads",45963
"Valsts meži","Meža zeme","Olaines novads",12089
"Valsts meži","Meža zeme","Preiļu novads",13126
"Valsts meži","Meža zeme","Rēzeknes novads",34445
"Valsts meži","Meža zeme","Ropažu novads",13335
"Valsts meži","Meža zeme","Salaspils novads",405
"Valsts meži","Meža zeme","Saldus novads",63383
"Valsts meži","Meža zeme","Saulkrastu novads",11538
"Valsts meži","Meža zeme","Siguldas novads",29452
"Valsts meži","Meža zeme","Smiltenes novads",52627
"Valsts meži","Meža zeme","Talsu novads",116370
"Valsts meži","Meža zeme","Tukuma novads",74592
"Valsts meži","Meža zeme","Valkas novads",39897
"Valsts meži","Meža zeme","Valmieras novads",65528
"Valsts meži","Meža zeme","Varakļānu novads",9517
"Valsts meži","Meža zeme","Ventspils novads",133978
"Valsts meži","Mežs","Latvija",1496035
"Valsts meži","Mežs","Rīga",248
"Valsts meži","Mežs","Daugavpils",115
"Valsts meži","Mežs","Jelgava",388
"Valsts meži","Mežs","Jēkabpils",83
"Valsts meži","Mežs","Jūrmala",1976
"Valsts meži","Mežs","Liepāja",30
"Valsts meži","Mežs","Ogre",7
"Valsts meži","Mežs","Rēzekne",0
"Valsts meži","Mežs","Valmiera",68
"Valsts meži","Mežs","Ventspils",392
"Valsts meži","Mežs","Aizkraukles novads",74493
"Valsts meži","Mežs","Alūksnes novads",46660
"Valsts meži","Mežs","Augšdaugavas novads",47109
"Valsts meži","Mežs","Ādažu novads",7068
"Valsts meži","Mežs","Balvu novads",45737
"Valsts meži","Mežs","Bauskas novads",48188
"Valsts meži","Mežs","Cēsu novads",43912
"Valsts meži","Mežs","Dienvidkurzemes novads",94361
"Valsts meži","Mežs","Dobeles novads",31448
"Valsts meži","Mežs","Gulbenes novads",54158
"Valsts meži","Mežs","Jelgavas novads",38251
"Valsts meži","Mežs","Jēkabpils novads",72112
"Valsts meži","Mežs","Krāslavas novads",16852
"Valsts meži","Mežs","Kuldīgas novads",78526
"Valsts meži","Mežs","Ķekavas novads",14172
"Valsts meži","Mežs","Limbažu novads",54573
"Valsts meži","Mežs","Līvānu novads",9427
"Valsts meži","Mežs","Ludzas novads",34209
"Valsts meži","Mežs","Madonas novads (no 01.07.2025.)",0
"Valsts meži","Mežs","Madonas novads",56514
"Valsts meži","Mežs","Mārupes novads",1457
"Valsts meži","Mežs","Ogres novads",42155
"Valsts meži","Mežs","Olaines novads",10978
"Valsts meži","Mežs","Preiļu novads",8069
"Valsts meži","Mežs","Rēzeknes novads",27735
"Valsts meži","Mežs","Ropažu novads",11873
"Valsts meži","Mežs","Salaspils novads",394
"Valsts meži","Mežs","Saldus novads",57286
"Valsts meži","Mežs","Saulkrastu novads",9508
"Valsts meži","Mežs","Siguldas novads",24441
"Valsts meži","Mežs","Smiltenes novads",46901
"Valsts meži","Mežs","Talsu novads",104395
"Valsts meži","Mežs","Tukuma novads",64146
"Valsts meži","Mežs","Valkas novads",36140
"Valsts meži","Mežs","Valmieras novads",55385
"Valsts meži","Mežs","Varakļānu novads",3828
"Valsts meži","Mežs","Ventspils novads",120424
"Valsts meži","..mežaudzes","Latvija",1440989
"Valsts meži","..mežaudzes","Rīga",244
"Valsts meži","..mežaudzes","Daugavpils",113
"Valsts meži","..mežaudzes","Jelgava",371
"Valsts meži","..mežaudzes","Jēkabpils",83
"Valsts meži","..mežaudzes","Jūrmala",1976
"Valsts meži","..mežaudzes","Liepāja",30
"Valsts meži","..mežaudzes","Ogre",7
"Valsts meži","..mežaudzes","Rēzekne",0
"Valsts meži","..mežaudzes","Valmiera",68
"Valsts meži","..mežaudzes","Ventspils",392
"Valsts meži","..mežaudzes","Aizkraukles novads",71258
"Valsts meži","..mežaudzes","Alūksnes novads",44892
"Valsts meži","..mežaudzes","Augšdaugavas novads",45374
"Valsts meži","..mežaudzes","Ādažu novads",6999
"Valsts meži","..mežaudzes","Balvu novads",44321
"Valsts meži","..mežaudzes","Bauskas novads",45917
"Valsts meži","..mežaudzes","Cēsu novads",42811
"Valsts meži","..mežaudzes","Dienvidkurzemes novads",90468
"Valsts meži","..mežaudzes","Dobeles novads",30181
"Valsts meži","..mežaudzes","Gulbenes novads",51538
"Valsts meži","..mežaudzes","Jelgavas novads",36109
"Valsts meži","..mežaudzes","Jēkabpils novads",68139
"Valsts meži","..mežaudzes","Krāslavas novads",16395
"Valsts meži","..mežaudzes","Kuldīgas novads",75972
"Valsts meži","..mežaudzes","Ķekavas novads",13233
"Valsts meži","..mežaudzes","Limbažu novads",51991
"Valsts meži","..mežaudzes","Līvānu novads",9207
"Valsts meži","..mežaudzes","Ludzas novads",33021
"Valsts meži","..mežaudzes","Madonas novads (no 01.07.2025.)",0
"Valsts meži","..mežaudzes","Madonas novads",54293
"Valsts meži","..mežaudzes","Mārupes novads",1437
"Valsts meži","..mežaudzes","Ogres novads",40551
"Valsts meži","..mežaudzes","Olaines novads",10420
"Valsts meži","..mežaudzes","Preiļu novads",7810
"Valsts meži","..mežaudzes","Rēzeknes novads",26999
"Valsts meži","..mežaudzes","Ropažu novads",11555
"Valsts meži","..mežaudzes","Salaspils novads",393
"Valsts meži","..mežaudzes","Saldus novads",54300
"Valsts meži","..mežaudzes","Saulkrastu novads",9389
"Valsts meži","..mežaudzes","Siguldas novads",23618
"Valsts meži","..mežaudzes","Smiltenes novads",45312
"Valsts meži","..mežaudzes","Talsu novads",101442
"Valsts meži","..mežaudzes","Tukuma novads",62684
"Valsts meži","..mežaudzes","Valkas novads",35061
"Valsts meži","..mežaudzes","Valmieras novads",53506
"Valsts meži","..mežaudzes","Varakļānu novads",3752
"Valsts meži","..mežaudzes","Ventspils novads",117515
"Valsts meži","Purvi","Latvija",135148
"Valsts meži","Purvi","Rīga",11
"Valsts meži","Purvi","Daugavpils",1
"Valsts meži","Purvi","Jelgava",0
"Valsts meži","Purvi","Jēkabpils",0
"Valsts meži","Purvi","Jūrmala",251
"Valsts meži","Purvi","Liepāja",0
"Valsts meži","Purvi","Ogre",0
"Valsts meži","Purvi","Rēzekne",0
"Valsts meži","Purvi","Valmiera",1
"Valsts meži","Purvi","Ventspils",34
"Valsts meži","Purvi","Aizkraukles novads",2757
"Valsts meži","Purvi","Alūksnes novads",622
"Valsts meži","Purvi","Augšdaugavas novads",1581
"Valsts meži","Purvi","Ādažu novads",169
"Valsts meži","Purvi","Balvu novads",13401
"Valsts meži","Purvi","Bauskas novads",684
"Valsts meži","Purvi","Cēsu novads",4109
"Valsts meži","Purvi","Dienvidkurzemes novads",4330
"Valsts meži","Purvi","Dobeles novads",659
"Valsts meži","Purvi","Gulbenes novads",1072
"Valsts meži","Purvi","Jelgavas novads",1960
"Valsts meži","Purvi","Jēkabpils novads",17790
"Valsts meži","Purvi","Krāslavas novads",315
"Valsts meži","Purvi","Kuldīgas novads",1729
"Valsts meži","Purvi","Ķekavas novads",82
"Valsts meži","Purvi","Limbažu novads",9351
"Valsts meži","Purvi","Līvānu novads",7562
"Valsts meži","Purvi","Ludzas novads",6350
"Valsts meži","Purvi","Madonas novads (no 01.07.2025.)",0
"Valsts meži","Purvi","Madonas novads",6495
"Valsts meži","Purvi","Mārupes novads",529
"Valsts meži","Purvi","Ogres novads",1152
"Valsts meži","Purvi","Olaines novads",15
"Valsts meži","Purvi","Preiļu novads",4390
"Valsts meži","Purvi","Rēzeknes novads",5288
"Valsts meži","Purvi","Ropažu novads",734
"Valsts meži","Purvi","Salaspils novads",0
"Valsts meži","Purvi","Saldus novads",1690
"Valsts meži","Purvi","Saulkrastu novads",1432
"Valsts meži","Purvi","Siguldas novads",3574
"Valsts meži","Purvi","Smiltenes novads",2790
"Valsts meži","Purvi","Talsu novads",5431
"Valsts meži","Purvi","Tukuma novads",6805
"Valsts meži","Purvi","Valkas novads",1534
"Valsts meži","Purvi","Valmieras novads",6150
"Valsts meži","Purvi","Varakļānu novads",5497
"Valsts meži","Purvi","Ventspils novads",6819
"Valsts meži","Lauces","Latvija",7611
"Valsts meži","Lauces","Rīga",1
"Valsts meži","Lauces","Daugavpils",6
"Valsts meži","Lauces","Jelgava",2
"Valsts meži","Lauces","Jēkabpils",2
"Valsts meži","Lauces","Jūrmala",0
"Valsts meži","Lauces","Liepāja",1
"Valsts meži","Lauces","Ogre",0
"Valsts meži","Lauces","Rēzekne",0
"Valsts meži","Lauces","Valmiera",2
"Valsts meži","Lauces","Ventspils",8
"Valsts meži","Lauces","Aizkraukles novads",389
"Valsts meži","Lauces","Alūksnes novads",209
"Valsts meži","Lauces","Augšdaugavas novads",326
"Valsts meži","Lauces","Ādažu novads",4
"Valsts meži","Lauces","Balvu novads",187
"Valsts meži","Lauces","Bauskas novads",481
"Valsts meži","Lauces","Cēsu novads",368
"Valsts meži","Lauces","Dienvidkurzemes novads",631
"Valsts meži","Lauces","Dobeles novads",211
"Valsts meži","Lauces","Gulbenes novads",50
"Valsts meži","Lauces","Jelgavas novads",128
"Valsts meži","Lauces","Jēkabpils novads",717
"Valsts meži","Lauces","Krāslavas novads",68
"Valsts meži","Lauces","Kuldīgas novads",432
"Valsts meži","Lauces","Ķekavas novads",47
"Valsts meži","Lauces","Limbažu novads",49
"Valsts meži","Lauces","Līvānu novads",26
"Valsts meži","Lauces","Ludzas novads",186
"Valsts meži","Lauces","Madonas novads (no 01.07.2025.)",0
"Valsts meži","Lauces","Madonas novads",563
"Valsts meži","Lauces","Mārupes novads",15
"Valsts meži","Lauces","Ogres novads",99
"Valsts meži","Lauces","Olaines novads",28
"Valsts meži","Lauces","Preiļu novads",47
"Valsts meži","Lauces","Rēzeknes novads",198
"Valsts meži","Lauces","Ropažu novads",20
"Valsts meži","Lauces","Salaspils novads",2
"Valsts meži","Lauces","Saldus novads",427
"Valsts meži","Lauces","Saulkrastu novads",22
"Valsts meži","Lauces","Siguldas novads",65
"Valsts meži","Lauces","Smiltenes novads",192
"Valsts meži","Lauces","Talsu novads",399
"Valsts meži","Lauces","Tukuma novads",280
"Valsts meži","Lauces","Valkas novads",55
"Valsts meži","Lauces","Valmieras novads",176
"Valsts meži","Lauces","Varakļānu novads",48
"Valsts meži","Lauces","Ventspils novads",446
"Valsts meži","Pārplūstošie klajumi","Latvija",9214
"Valsts meži","Pārplūstošie klajumi","Rīga",0
"Valsts meži","Pārplūstošie klajumi","Daugavpils",0
"Valsts meži","Pārplūstošie klajumi","Jelgava",0
"Valsts meži","Pārplūstošie klajumi","Jēkabpils",0
"Valsts meži","Pārplūstošie klajumi","Jūrmala",178
"Valsts meži","Pārplūstošie klajumi","Liepāja",0
"Valsts meži","Pārplūstošie klajumi","Ogre",0
"Valsts meži","Pārplūstošie klajumi","Rēzekne",0
"Valsts meži","Pārplūstošie klajumi","Valmiera",2
"Valsts meži","Pārplūstošie klajumi","Ventspils",2
"Valsts meži","Pārplūstošie klajumi","Aizkraukles novads",381
"Valsts meži","Pārplūstošie klajumi","Alūksnes novads",133
"Valsts meži","Pārplūstošie klajumi","Augšdaugavas novads",380
"Valsts meži","Pārplūstošie klajumi","Ādažu novads",9
"Valsts meži","Pārplūstošie klajumi","Balvu novads",110
"Valsts meži","Pārplūstošie klajumi","Bauskas novads",322
"Valsts meži","Pārplūstošie klajumi","Cēsu novads",490
"Valsts meži","Pārplūstošie klajumi","Dienvidkurzemes novads",779
"Valsts meži","Pārplūstošie klajumi","Dobeles novads",470
"Valsts meži","Pārplūstošie klajumi","Gulbenes novads",152
"Valsts meži","Pārplūstošie klajumi","Jelgavas novads",149
"Valsts meži","Pārplūstošie klajumi","Jēkabpils novads",228
"Valsts meži","Pārplūstošie klajumi","Krāslavas novads",79
"Valsts meži","Pārplūstošie klajumi","Kuldīgas novads",520
"Valsts meži","Pārplūstošie klajumi","Ķekavas novads",19
"Valsts meži","Pārplūstošie klajumi","Limbažu novads",107
"Valsts meži","Pārplūstošie klajumi","Līvānu novads",31
"Valsts meži","Pārplūstošie klajumi","Ludzas novads",129
"Valsts meži","Pārplūstošie klajumi","Madonas novads (no 01.07.2025.)",0
"Valsts meži","Pārplūstošie klajumi","Madonas novads",183
"Valsts meži","Pārplūstošie klajumi","Mārupes novads",69
"Valsts meži","Pārplūstošie klajumi","Ogres novads",106
"Valsts meži","Pārplūstošie klajumi","Olaines novads",4
"Valsts meži","Pārplūstošie klajumi","Preiļu novads",16
"Valsts meži","Pārplūstošie klajumi","Rēzeknes novads",77
"Valsts meži","Pārplūstošie klajumi","Ropažu novads",22
"Valsts meži","Pārplūstošie klajumi","Salaspils novads",3
"Valsts meži","Pārplūstošie klajumi","Saldus novads",612
"Valsts meži","Pārplūstošie klajumi","Saulkrastu novads",42
"Valsts meži","Pārplūstošie klajumi","Siguldas novads",84
"Valsts meži","Pārplūstošie klajumi","Smiltenes novads",182
"Valsts meži","Pārplūstošie klajumi","Talsu novads",686
"Valsts meži","Pārplūstošie klajumi","Tukuma novads",799
"Valsts meži","Pārplūstošie klajumi","Valkas novads",140
"Valsts meži","Pārplūstošie klajumi","Valmieras novads",836
"Valsts meži","Pārplūstošie klajumi","Varakļānu novads",14
"Valsts meži","Pārplūstošie klajumi","Ventspils novads",672
"Valsts meži","Zem infrastruktūras objektiem","Latvija",74764
"Valsts meži","Zem infrastruktūras objektiem","Rīga",1
"Valsts meži","Zem infrastruktūras objektiem","Daugavpils",8
"Valsts meži","Zem infrastruktūras objektiem","Jelgava",37
"Valsts meži","Zem infrastruktūras objektiem","Jēkabpils",0
"Valsts meži","Zem infrastruktūras objektiem","Jūrmala",0
"Valsts meži","Zem infrastruktūras objektiem","Liepāja",0
"Valsts meži","Zem infrastruktūras objektiem","Ogre",1
"Valsts meži","Zem infrastruktūras objektiem","Rēzekne",0
"Valsts meži","Zem infrastruktūras objektiem","Valmiera",0
"Valsts meži","Zem infrastruktūras objektiem","Ventspils",0
"Valsts meži","Zem infrastruktūras objektiem","Aizkraukles novads",4254
"Valsts meži","Zem infrastruktūras objektiem","Alūksnes novads",2459
"Valsts meži","Zem infrastruktūras objektiem","Augšdaugavas novads",2030
"Valsts meži","Zem infrastruktūras objektiem","Ādažu novads",54
"Valsts meži","Zem infrastruktūras objektiem","Balvu novads",2659
"Valsts meži","Zem infrastruktūras objektiem","Bauskas novads",2628
"Valsts meži","Zem infrastruktūras objektiem","Cēsu novads",1065
"Valsts meži","Zem infrastruktūras objektiem","Dienvidkurzemes novads",5130
"Valsts meži","Zem infrastruktūras objektiem","Dobeles novads",1790
"Valsts meži","Zem infrastruktūras objektiem","Gulbenes novads",3176
"Valsts meži","Zem infrastruktūras objektiem","Jelgavas novads",2694
"Valsts meži","Zem infrastruktūras objektiem","Jēkabpils novads",3393
"Valsts meži","Zem infrastruktūras objektiem","Krāslavas novads",319
"Valsts meži","Zem infrastruktūras objektiem","Kuldīgas novads",3373
"Valsts meži","Zem infrastruktūras objektiem","Ķekavas novads",819
"Valsts meži","Zem infrastruktūras objektiem","Limbažu novads",2651
"Valsts meži","Zem infrastruktūras objektiem","Līvānu novads",760
"Valsts meži","Zem infrastruktūras objektiem","Ludzas novads",1345
"Valsts meži","Zem infrastruktūras objektiem","Madonas novads (no 01.07.2025.)",0
"Valsts meži","Zem infrastruktūras objektiem","Madonas novads",3965
"Valsts meži","Zem infrastruktūras objektiem","Mārupes novads",15
"Valsts meži","Zem infrastruktūras objektiem","Ogres novads",2231
"Valsts meži","Zem infrastruktūras objektiem","Olaines novads",1065
"Valsts meži","Zem infrastruktūras objektiem","Preiļu novads",597
"Valsts meži","Zem infrastruktūras objektiem","Rēzeknes novads",1138
"Valsts meži","Zem infrastruktūras objektiem","Ropažu novads",682
"Valsts meži","Zem infrastruktūras objektiem","Salaspils novads",6
"Valsts meži","Zem infrastruktūras objektiem","Saldus novads",2848
"Valsts meži","Zem infrastruktūras objektiem","Saulkrastu novads",265
"Valsts meži","Zem infrastruktūras objektiem","Siguldas novads",891
"Valsts meži","Zem infrastruktūras objektiem","Smiltenes novads",2472
"Valsts meži","Zem infrastruktūras objektiem","Talsu novads",5227
"Valsts meži","Zem infrastruktūras objektiem","Tukuma novads",2418
"Valsts meži","Zem infrastruktūras objektiem","Valkas novads",1981
"Valsts meži","Zem infrastruktūras objektiem","Valmieras novads",2696
"Valsts meži","Zem infrastruktūras objektiem","Varakļānu novads",130
"Valsts meži","Zem infrastruktūras objektiem","Ventspils novads",5491
"Valsts meži","..ceļi","Latvija",22405
"Valsts meži","..ceļi","Rīga",1
"Valsts meži","..ceļi","Daugavpils",0
"Valsts meži","..ceļi","Jelgava",2
"Valsts meži","..ceļi","Jēkabpils",0
"Valsts meži","..ceļi","Jūrmala",0
"Valsts meži","..ceļi","Liepāja",0
"Valsts meži","..ceļi","Ogre",0
"Valsts meži","..ceļi","Rēzekne",0
"Valsts meži","..ceļi","Valmiera",0
"Valsts meži","..ceļi","Ventspils",0
"Valsts meži","..ceļi","Aizkraukles novads",1354
"Valsts meži","..ceļi","Alūksnes novads",747
"Valsts meži","..ceļi","Augšdaugavas novads",620
"Valsts meži","..ceļi","Ādažu novads",22
"Valsts meži","..ceļi","Balvu novads",746
"Valsts meži","..ceļi","Bauskas novads",974
"Valsts meži","..ceļi","Cēsu novads",461
"Valsts meži","..ceļi","Dienvidkurzemes novads",1730
"Valsts meži","..ceļi","Dobeles novads",497
"Valsts meži","..ceļi","Gulbenes novads",879
"Valsts meži","..ceļi","Jelgavas novads",593
"Valsts meži","..ceļi","Jēkabpils novads",969
"Valsts meži","..ceļi","Krāslavas novads",178
"Valsts meži","..ceļi","Kuldīgas novads",1433
"Valsts meži","..ceļi","Ķekavas novads",245
"Valsts meži","..ceļi","Limbažu novads",691
"Valsts meži","..ceļi","Līvānu novads",90
"Valsts meži","..ceļi","Ludzas novads",524
"Valsts meži","..ceļi","Madonas novads (no 01.07.2025.)",0
"Valsts meži","..ceļi","Madonas novads",852
"Valsts meži","..ceļi","Mārupes novads",0
"Valsts meži","..ceļi","Ogres novads",797
"Valsts meži","..ceļi","Olaines novads",212
"Valsts meži","..ceļi","Preiļu novads",94
"Valsts meži","..ceļi","Rēzeknes novads",401
"Valsts meži","..ceļi","Ropažu novads",152
"Valsts meži","..ceļi","Salaspils novads",4
"Valsts meži","..ceļi","Saldus novads",844
"Valsts meži","..ceļi","Saulkrastu novads",58
"Valsts meži","..ceļi","Siguldas novads",251
"Valsts meži","..ceļi","Smiltenes novads",694
"Valsts meži","..ceļi","Talsu novads",1571
"Valsts meži","..ceļi","Tukuma novads",798
"Valsts meži","..ceļi","Valkas novads",419
"Valsts meži","..ceļi","Valmieras novads",672
"Valsts meži","..ceļi","Varakļānu novads",21
"Valsts meži","..ceļi","Ventspils novads",1808
"Valsts meži","..grāvji","Latvija",52359
"Valsts meži","..grāvji","Rīga",0
"Valsts meži","..grāvji","Daugavpils",8
"Valsts meži","..grāvji","Jelgava",35
"Valsts meži","..grāvji","Jēkabpils",0
"Valsts meži","..grāvji","Jūrmala",0
"Valsts meži","..grāvji","Liepāja",0
"Valsts meži","..grāvji","Ogre",1
"Valsts meži","..grāvji","Rēzekne",0
"Valsts meži","..grāvji","Valmiera",0
"Valsts meži","..grāvji","Ventspils",0
"Valsts meži","..grāvji","Aizkraukles novads",2900
"Valsts meži","..grāvji","Alūksnes novads",1713
"Valsts meži","..grāvji","Augšdaugavas novads",1410
"Valsts meži","..grāvji","Ādažu novads",31
"Valsts meži","..grāvji","Balvu novads",1913
"Valsts meži","..grāvji","Bauskas novads",1654
"Valsts meži","..grāvji","Cēsu novads",604
"Valsts meži","..grāvji","Dienvidkurzemes novads",3399
"Valsts meži","..grāvji","Dobeles novads",1293
"Valsts meži","..grāvji","Gulbenes novads",2297
"Valsts meži","..grāvji","Jelgavas novads",2101
"Valsts meži","..grāvji","Jēkabpils novads",2423
"Valsts meži","..grāvji","Krāslavas novads",140
"Valsts meži","..grāvji","Kuldīgas novads",1940
"Valsts meži","..grāvji","Ķekavas novads",574
"Valsts meži","..grāvji","Limbažu novads",1960
"Valsts meži","..grāvji","Līvānu novads",669
"Valsts meži","..grāvji","Ludzas novads",821
"Valsts meži","..grāvji","Madonas novads (no 01.07.2025.)",0
"Valsts meži","..grāvji","Madonas novads",3113
"Valsts meži","..grāvji","Mārupes novads",15
"Valsts meži","..grāvji","Ogres novads",1434
"Valsts meži","..grāvji","Olaines novads",854
"Valsts meži","..grāvji","Preiļu novads",503
"Valsts meži","..grāvji","Rēzeknes novads",737
"Valsts meži","..grāvji","Ropažu novads",530
"Valsts meži","..grāvji","Salaspils novads",2
"Valsts meži","..grāvji","Saldus novads",2003
"Valsts meži","..grāvji","Saulkrastu novads",208
"Valsts meži","..grāvji","Siguldas novads",641
"Valsts meži","..grāvji","Smiltenes novads",1778
"Valsts meži","..grāvji","Talsu novads",3657
"Valsts meži","..grāvji","Tukuma novads",1620
"Valsts meži","..grāvji","Valkas novads",1562
"Valsts meži","..grāvji","Valmieras novads",2024
"Valsts meži","..grāvji","Varakļānu novads",109
"Valsts meži","..grāvji","Ventspils novads",3684
"Valsts meži","Pārējās meža zemes","Latvija",10027
"Valsts meži","Pārējās meža zemes","Rīga",0
"Valsts meži","Pārējās meža zemes","Daugavpils",0
"Valsts meži","Pārējās meža zemes","Jelgava",0
"Valsts meži","Pārējās meža zemes","Jēkabpils",0
"Valsts meži","Pārējās meža zemes","Jūrmala",2
"Valsts meži","Pārējās meža zemes","Liepāja",0
"Valsts meži","Pārējās meža zemes","Ogre",0
"Valsts meži","Pārējās meža zemes","Rēzekne",0
"Valsts meži","Pārējās meža zemes","Valmiera",1
"Valsts meži","Pārējās meža zemes","Ventspils",0
"Valsts meži","Pārējās meža zemes","Aizkraukles novads",1198
"Valsts meži","Pārējās meža zemes","Alūksnes novads",270
"Valsts meži","Pārējās meža zemes","Augšdaugavas novads",221
"Valsts meži","Pārējās meža zemes","Ādažu novads",2793
"Valsts meži","Pārējās meža zemes","Balvu novads",17
"Valsts meži","Pārējās meža zemes","Bauskas novads",1000
"Valsts meži","Pārējās meža zemes","Cēsu novads",149
"Valsts meži","Pārējās meža zemes","Dienvidkurzemes novads",412
"Valsts meži","Pārējās meža zemes","Dobeles novads",74
"Valsts meži","Pārējās meža zemes","Gulbenes novads",24
"Valsts meži","Pārējās meža zemes","Jelgavas novads",10
"Valsts meži","Pārējās meža zemes","Jēkabpils novads",61
"Valsts meži","Pārējās meža zemes","Krāslavas novads",11
"Valsts meži","Pārējās meža zemes","Kuldīgas novads",234
"Valsts meži","Pārējās meža zemes","Ķekavas novads",6
"Valsts meži","Pārējās meža zemes","Limbažu novads",306
"Valsts meži","Pārējās meža zemes","Līvānu novads",60
"Valsts meži","Pārējās meža zemes","Ludzas novads",220
"Valsts meži","Pārējās meža zemes","Madonas novads (no 01.07.2025.)",0
"Valsts meži","Pārējās meža zemes","Madonas novads",615
"Valsts meži","Pārējās meža zemes","Mārupes novads",0
"Valsts meži","Pārējās meža zemes","Ogres novads",220
"Valsts meži","Pārējās meža zemes","Olaines novads",0
"Valsts meži","Pārējās meža zemes","Preiļu novads",7
"Valsts meži","Pārējās meža zemes","Rēzeknes novads",9
"Valsts meži","Pārējās meža zemes","Ropažu novads",4
"Valsts meži","Pārējās meža zemes","Salaspils novads",0
"Valsts meži","Pārējās meža zemes","Saldus novads",519
"Valsts meži","Pārējās meža zemes","Saulkrastu novads",268
"Valsts meži","Pārējās meža zemes","Siguldas novads",396
"Valsts meži","Pārējās meža zemes","Smiltenes novads",89
"Valsts meži","Pārējās meža zemes","Talsu novads",232
"Valsts meži","Pārējās meža zemes","Tukuma novads",143
"Valsts meži","Pārējās meža zemes","Valkas novads",47
"Valsts meži","Pārējās meža zemes","Valmieras novads",285
"Valsts meži","Pārējās meža zemes","Varakļānu novads",0
"Valsts meži","Pārējās meža zemes","Ventspils novads",125
"Pārējie meži","Meža zeme","Latvija",1721807
"Pārējie meži","Meža zeme","Rīga",5317
"Pārējie meži","Meža zeme","Daugavpils",1463
"Pārējie meži","Meža zeme","Jelgava",754
"Pārējie meži","Meža zeme","Jēkabpils",107
"Pārējie meži","Meža zeme","Jūrmala",2403
"Pārējie meži","Meža zeme","Liepāja",1181
"Pārējie meži","Meža zeme","Ogre",216
"Pārējie meži","Meža zeme","Rēzekne",8
"Pārējie meži","Meža zeme","Valmiera",331
"Pārējie meži","Meža zeme","Ventspils",1086
"Pārējie meži","Meža zeme","Aizkraukles novads",58614
"Pārējie meži","Meža zeme","Alūksnes novads",63094
"Pārējie meži","Meža zeme","Augšdaugavas novads",49382
"Pārējie meži","Meža zeme","Ādažu novads",5593
"Pārējie meži","Meža zeme","Balvu novads",71563
"Pārējie meži","Meža zeme","Bauskas novads",33623
"Pārējie meži","Meža zeme","Cēsu novads",110369
"Pārējie meži","Meža zeme","Dienvidkurzemes novads",71960
"Pārējie meži","Meža zeme","Dobeles novads",19910
"Pārējie meži","Meža zeme","Gulbenes novads",53519
"Pārējie meži","Meža zeme","Jelgavas novads",10092
"Pārējie meži","Meža zeme","Jēkabpils novads",74062
"Pārējie meži","Meža zeme","Krāslavas novads",79406
"Pārējie meži","Meža zeme","Kuldīgas novads",64178
"Pārējie meži","Meža zeme","Ķekavas novads",11810
"Pārējie meži","Meža zeme","Limbažu novads",86994
"Pārējie meži","Meža zeme","Līvānu novads",10781
"Pārējie meži","Meža zeme","Ludzas novads",88818
"Pārējie meži","Meža zeme","Madonas novads (no 01.07.2025.)",0
"Pārējie meži","Meža zeme","Madonas novads",105195
"Pārējie meži","Meža zeme","Mārupes novads",14157
"Pārējie meži","Meža zeme","Ogres novads",56839
"Pārējie meži","Meža zeme","Olaines novads",10118
"Pārējie meži","Meža zeme","Preiļu novads",38601
"Pārējie meži","Meža zeme","Rēzeknes novads",76215
"Pārējie meži","Meža zeme","Ropažu novads",24584
"Pārējie meži","Meža zeme","Salaspils novads",3467
"Pārējie meži","Meža zeme","Saldus novads",46822
"Pārējie meži","Meža zeme","Saulkrastu novads",7335
"Pārējie meži","Meža zeme","Siguldas novads",30237
"Pārējie meži","Meža zeme","Smiltenes novads",55565
"Pārējie meži","Meža zeme","Talsu novads",61511
"Pārējie meži","Meža zeme","Tukuma novads",46026
"Pārējie meži","Meža zeme","Valkas novads",22481
"Pārējie meži","Meža zeme","Valmieras novads",97558
"Pārējie meži","Meža zeme","Varakļānu novads",2716
"Pārējie meži","Meža zeme","Ventspils novads",46397
"Pārējie meži","Mežs","Latvija",1640920
"Pārējie meži","Mežs","Rīga",5201
"Pārējie meži","Mežs","Daugavpils",1436
"Pārējie meži","Mežs","Jelgava",733
"Pārējie meži","Mežs","Jēkabpils",106
"Pārējie meži","Mežs","Jūrmala",2294
"Pārējie meži","Mežs","Liepāja",999
"Pārējie meži","Mežs","Ogre",213
"Pārējie meži","Mežs","Rēzekne",8
"Pārējie meži","Mežs","Valmiera",328
"Pārējie meži","Mežs","Ventspils",952
"Pārējie meži","Mežs","Aizkraukles novads",56690
"Pārējie meži","Mežs","Alūksnes novads",60328
"Pārējie meži","Mežs","Augšdaugavas novads",46823
"Pārējie meži","Mežs","Ādažu novads",5456
"Pārējie meži","Mežs","Balvu novads",68974
"Pārējie meži","Mežs","Bauskas novads",32153
"Pārējie meži","Mežs","Cēsu novads",106198
"Pārējie meži","Mežs","Dienvidkurzemes novads",67747
"Pārējie meži","Mežs","Dobeles novads",18897
"Pārējie meži","Mežs","Gulbenes novads",51764
"Pārējie meži","Mežs","Jelgavas novads",9650
"Pārējie meži","Mežs","Jēkabpils novads",71100
"Pārējie meži","Mežs","Krāslavas novads",75439
"Pārējie meži","Mežs","Kuldīgas novads",61294
"Pārējie meži","Mežs","Ķekavas novads",11071
"Pārējie meži","Mežs","Limbažu novads",83518
"Pārējie meži","Mežs","Līvānu novads",10447
"Pārējie meži","Mežs","Ludzas novads",83934
"Pārējie meži","Mežs","Madonas novads (no 01.07.2025.)",0
"Pārējie meži","Mežs","Madonas novads",100925
"Pārējie meži","Mežs","Mārupes novads",10917
"Pārējie meži","Mežs","Ogres novads",54762
"Pārējie meži","Mežs","Olaines novads",7553
"Pārējie meži","Mežs","Preiļu novads",36672
"Pārējie meži","Mežs","Rēzeknes novads",71310
"Pārējie meži","Mežs","Ropažu novads",23642
"Pārējie meži","Mežs","Salaspils novads",3262
"Pārējie meži","Mežs","Saldus novads",44541
"Pārējie meži","Mežs","Saulkrastu novads",7059
"Pārējie meži","Mežs","Siguldas novads",29100
"Pārējie meži","Mežs","Smiltenes novads",53556
"Pārējie meži","Mežs","Talsu novads",59036
"Pārējie meži","Mežs","Tukuma novads",43813
"Pārējie meži","Mežs","Valkas novads",21470
"Pārējie meži","Mežs","Valmieras novads",93240
"Pārējie meži","Mežs","Varakļānu novads",2541
"Pārējie meži","Mežs","Ventspils novads",44416
"Pārējie meži","..mežaudzes","Latvija",1536565
"Pārējie meži","..mežaudzes","Rīga",5193
"Pārējie meži","..mežaudzes","Daugavpils",1436
"Pārējie meži","..mežaudzes","Jelgava",730
"Pārējie meži","..mežaudzes","Jēkabpils",106
"Pārējie meži","..mežaudzes","Jūrmala",2284
"Pārējie meži","..mežaudzes","Liepāja",985
"Pārējie meži","..mežaudzes","Ogre",208
"Pārējie meži","..mežaudzes","Rēzekne",8
"Pārējie meži","..mežaudzes","Valmiera",327
"Pārējie meži","..mežaudzes","Ventspils",948
"Pārējie meži","..mežaudzes","Aizkraukles novads",52244
"Pārējie meži","..mežaudzes","Alūksnes novads",56508
"Pārējie meži","..mežaudzes","Augšdaugavas novads",43977
"Pārējie meži","..mežaudzes","Ādažu novads",5238
"Pārējie meži","..mežaudzes","Balvu novads",64495
"Pārējie meži","..mežaudzes","Bauskas novads",29319
"Pārējie meži","..mežaudzes","Cēsu novads",99522
"Pārējie meži","..mežaudzes","Dienvidkurzemes novads",64166
"Pārējie meži","..mežaudzes","Dobeles novads",17290
"Pārējie meži","..mežaudzes","Gulbenes novads",48100
"Pārējie meži","..mežaudzes","Jelgavas novads",8767
"Pārējie meži","..mežaudzes","Jēkabpils novads",66237
"Pārējie meži","..mežaudzes","Krāslavas novads",70740
"Pārējie meži","..mežaudzes","Kuldīgas novads",58047
"Pārējie meži","..mežaudzes","Ķekavas novads",10192
"Pārējie meži","..mežaudzes","Limbažu novads",77761
"Pārējie meži","..mežaudzes","Līvānu novads",9716
"Pārējie meži","..mežaudzes","Ludzas novads",79465
"Pārējie meži","..mežaudzes","Madonas novads (no 01.07.2025.)",0
"Pārējie meži","..mežaudzes","Madonas novads",95238
"Pārējie meži","..mežaudzes","Mārupes novads",10346
"Pārējie meži","..mežaudzes","Ogres novads",51119
"Pārējie meži","..mežaudzes","Olaines novads",7285
"Pārējie meži","..mežaudzes","Preiļu novads",33961
"Pārējie meži","..mežaudzes","Rēzeknes novads",66608
"Pārējie meži","..mežaudzes","Ropažu novads",22880
"Pārējie meži","..mežaudzes","Salaspils novads",3034
"Pārējie meži","..mežaudzes","Saldus novads",41563
"Pārējie meži","..mežaudzes","Saulkrastu novads",6606
"Pārējie meži","..mežaudzes","Siguldas novads",26938
"Pārējie meži","..mežaudzes","Smiltenes novads",49668
"Pārējie meži","..mežaudzes","Talsu novads",55226
"Pārējie meži","..mežaudzes","Tukuma novads",40997
"Pārējie meži","..mežaudzes","Valkas novads",20083
"Pārējie meži","..mežaudzes","Valmieras novads",87075
"Pārējie meži","..mežaudzes","Varakļānu novads",2317
"Pārējie meži","..mežaudzes","Ventspils novads",42254
"Pārējie meži","Purvi","Latvija",29321
"Pārējie meži","Purvi","Rīga",20
"Pārējie meži","Purvi","Daugavpils",9
"Pārējie meži","Purvi","Jelgava",0
"Pārējie meži","Purvi","Jēkabpils",0
"Pārējie meži","Purvi","Jūrmala",55
"Pārējie meži","Purvi","Liepāja",49
"Pārējie meži","Purvi","Ogre",0
"Pārējie meži","Purvi","Rēzekne",0
"Pārējie meži","Purvi","Valmiera",0
"Pārējie meži","Purvi","Ventspils",107
"Pārējie meži","Purvi","Aizkraukles novads",354
"Pārējie meži","Purvi","Alūksnes novads",1266
"Pārējie meži","Purvi","Augšdaugavas novads",1139
"Pārējie meži","Purvi","Ādažu novads",29
"Pārējie meži","Purvi","Balvu novads",1419
"Pārējie meži","Purvi","Bauskas novads",237
"Pārējie meži","Purvi","Cēsu novads",1504
"Pārējie meži","Purvi","Dienvidkurzemes novads",869
"Pārējie meži","Purvi","Dobeles novads",129
"Pārējie meži","Purvi","Gulbenes novads",518
"Pārējie meži","Purvi","Jelgavas novads",111
"Pārējie meži","Purvi","Jēkabpils novads",605
"Pārējie meži","Purvi","Krāslavas novads",1882
"Pārējie meži","Purvi","Kuldīgas novads",733
"Pārējie meži","Purvi","Ķekavas novads",143
"Pārējie meži","Purvi","Limbažu novads",1279
"Pārējie meži","Purvi","Līvānu novads",72
"Pārējie meži","Purvi","Ludzas novads",2177
"Pārējie meži","Purvi","Madonas novads (no 01.07.2025.)",0
"Pārējie meži","Purvi","Madonas novads",1912
"Pārējie meži","Purvi","Mārupes novads",1908
"Pārējie meži","Purvi","Ogres novads",304
"Pārējie meži","Purvi","Olaines novads",647
"Pārējie meži","Purvi","Preiļu novads",942
"Pārējie meži","Purvi","Rēzeknes novads",3102
"Pārējie meži","Purvi","Ropažu novads",250
"Pārējie meži","Purvi","Salaspils novads",87
"Pārējie meži","Purvi","Saldus novads",306
"Pārējie meži","Purvi","Saulkrastu novads",149
"Pārējie meži","Purvi","Siguldas novads",569
"Pārējie meži","Purvi","Smiltenes novads",566
"Pārējie meži","Purvi","Talsu novads",226
"Pārējie meži","Purvi","Tukuma novads",756
"Pārējie meži","Purvi","Valkas novads",382
"Pārējie meži","Purvi","Valmieras novads",1957
"Pārējie meži","Purvi","Varakļānu novads",82
"Pārējie meži","Purvi","Ventspils novads",470
"Pārējie meži","Lauces","Latvija",16478
"Pārējie meži","Lauces","Rīga",13
"Pārējie meži","Lauces","Daugavpils",7
"Pārējie meži","Lauces","Jelgava",1
"Pārējie meži","Lauces","Jēkabpils",1
"Pārējie meži","Lauces","Jūrmala",4
"Pārējie meži","Lauces","Liepāja",95
"Pārējie meži","Lauces","Ogre",2
"Pārējie meži","Lauces","Rēzekne",0
"Pārējie meži","Lauces","Valmiera",2
"Pārējie meži","Lauces","Ventspils",13
"Pārējie meži","Lauces","Aizkraukles novads",546
"Pārējie meži","Lauces","Alūksnes novads",391
"Pārējie meži","Lauces","Augšdaugavas novads",378
"Pārējie meži","Lauces","Ādažu novads",11
"Pārējie meži","Lauces","Balvu novads",353
"Pārējie meži","Lauces","Bauskas novads",361
"Pārējie meži","Lauces","Cēsu novads",737
"Pārējie meži","Lauces","Dienvidkurzemes novads",1316
"Pārējie meži","Lauces","Dobeles novads",145
"Pārējie meži","Lauces","Gulbenes novads",253
"Pārējie meži","Lauces","Jelgavas novads",84
"Pārējie meži","Lauces","Jēkabpils novads",1146
"Pārējie meži","Lauces","Krāslavas novads",700
"Pārējie meži","Lauces","Kuldīgas novads",771
"Pārējie meži","Lauces","Ķekavas novads",138
"Pārējie meži","Lauces","Limbažu novads",709
"Pārējie meži","Lauces","Līvānu novads",108
"Pārējie meži","Lauces","Ludzas novads",1000
"Pārējie meži","Lauces","Madonas novads (no 01.07.2025.)",0
"Pārējie meži","Lauces","Madonas novads",731
"Pārējie meži","Lauces","Mārupes novads",112
"Pārējie meži","Lauces","Ogres novads",688
"Pārējie meži","Lauces","Olaines novads",99
"Pārējie meži","Lauces","Preiļu novads",352
"Pārējie meži","Lauces","Rēzeknes novads",660
"Pārējie meži","Lauces","Ropažu novads",69
"Pārējie meži","Lauces","Salaspils novads",21
"Pārējie meži","Lauces","Saldus novads",653
"Pārējie meži","Lauces","Saulkrastu novads",23
"Pārējie meži","Lauces","Siguldas novads",119
"Pārējie meži","Lauces","Smiltenes novads",387
"Pārējie meži","Lauces","Talsu novads",848
"Pārējie meži","Lauces","Tukuma novads",568
"Pārējie meži","Lauces","Valkas novads",253
"Pārējie meži","Lauces","Valmieras novads",861
"Pārējie meži","Lauces","Varakļānu novads",53
"Pārējie meži","Lauces","Ventspils novads",701
"Pārējie meži","Pārplūstošie klajumi","Latvija",9729
"Pārējie meži","Pārplūstošie klajumi","Rīga",8
"Pārējie meži","Pārplūstošie klajumi","Daugavpils",3
"Pārējie meži","Pārplūstošie klajumi","Jelgava",0
"Pārējie meži","Pārplūstošie klajumi","Jēkabpils",0
"Pārējie meži","Pārplūstošie klajumi","Jūrmala",15
"Pārējie meži","Pārplūstošie klajumi","Liepāja",19
"Pārējie meži","Pārplūstošie klajumi","Ogre",0
"Pārējie meži","Pārplūstošie klajumi","Rēzekne",0
"Pārējie meži","Pārplūstošie klajumi","Valmiera",0
"Pārējie meži","Pārplūstošie klajumi","Ventspils",1
"Pārējie meži","Pārplūstošie klajumi","Aizkraukles novads",318
"Pārējie meži","Pārplūstošie klajumi","Alūksnes novads",223
"Pārējie meži","Pārplūstošie klajumi","Augšdaugavas novads",388
"Pārējie meži","Pārplūstošie klajumi","Ādažu novads",5
"Pārējie meži","Pārplūstošie klajumi","Balvu novads",120
"Pārējie meži","Pārplūstošie klajumi","Bauskas novads",270
"Pārējie meži","Pārplūstošie klajumi","Cēsu novads",546
"Pārējie meži","Pārplūstošie klajumi","Dienvidkurzemes novads",1074
"Pārējie meži","Pārplūstošie klajumi","Dobeles novads",297
"Pārējie meži","Pārplūstošie klajumi","Gulbenes novads",167
"Pārējie meži","Pārplūstošie klajumi","Jelgavas novads",41
"Pārējie meži","Pārplūstošie klajumi","Jēkabpils novads",407
"Pārējie meži","Pārplūstošie klajumi","Krāslavas novads",514
"Pārējie meži","Pārplūstošie klajumi","Kuldīgas novads",809
"Pārējie meži","Pārplūstošie klajumi","Ķekavas novads",17
"Pārējie meži","Pārplūstošie klajumi","Limbažu novads",304
"Pārējie meži","Pārplūstošie klajumi","Līvānu novads",13
"Pārējie meži","Pārplūstošie klajumi","Ludzas novads",472
"Pārējie meži","Pārplūstošie klajumi","Madonas novads (no 01.07.2025.)",0
"Pārējie meži","Pārplūstošie klajumi","Madonas novads",457
"Pārējie meži","Pārplūstošie klajumi","Mārupes novads",120
"Pārējie meži","Pārplūstošie klajumi","Ogres novads",130
"Pārējie meži","Pārplūstošie klajumi","Olaines novads",44
"Pārējie meži","Pārplūstošie klajumi","Preiļu novads",140
"Pārējie meži","Pārplūstošie klajumi","Rēzeknes novads",363
"Pārējie meži","Pārplūstošie klajumi","Ropažu novads",85
"Pārējie meži","Pārplūstošie klajumi","Salaspils novads",2
"Pārējie meži","Pārplūstošie klajumi","Saldus novads",846
"Pārējie meži","Pārplūstošie klajumi","Saulkrastu novads",8
"Pārējie meži","Pārplūstošie klajumi","Siguldas novads",86
"Pārējie meži","Pārplūstošie klajumi","Smiltenes novads",282
"Pārējie meži","Pārplūstošie klajumi","Talsu novads",321
"Pārējie meži","Pārplūstošie klajumi","Tukuma novads",365
"Pārējie meži","Pārplūstošie klajumi","Valkas novads",77
"Pārējie meži","Pārplūstošie klajumi","Valmieras novads",226
"Pārējie meži","Pārplūstošie klajumi","Varakļānu novads",2
"Pārējie meži","Pārplūstošie klajumi","Ventspils novads",146
"Pārējie meži","Zem infrastruktūras objektiem","Latvija",15533
"Pārējie meži","Zem infrastruktūras objektiem","Rīga",38
"Pārējie meži","Zem infrastruktūras objektiem","Daugavpils",8
"Pārējie meži","Zem infrastruktūras objektiem","Jelgava",21
"Pārējie meži","Zem infrastruktūras objektiem","Jēkabpils",0
"Pārējie meži","Zem infrastruktūras objektiem","Jūrmala",13
"Pārējie meži","Zem infrastruktūras objektiem","Liepāja",1
"Pārējie meži","Zem infrastruktūras objektiem","Ogre",2
"Pārējie meži","Zem infrastruktūras objektiem","Rēzekne",0
"Pārējie meži","Zem infrastruktūras objektiem","Valmiera",1
"Pārējie meži","Zem infrastruktūras objektiem","Ventspils",6
"Pārējie meži","Zem infrastruktūras objektiem","Aizkraukles novads",537
"Pārējie meži","Zem infrastruktūras objektiem","Alūksnes novads",483
"Pārējie meži","Zem infrastruktūras objektiem","Augšdaugavas novads",367
"Pārējie meži","Zem infrastruktūras objektiem","Ādažu novads",85
"Pārējie meži","Zem infrastruktūras objektiem","Balvu novads",564
"Pārējie meži","Zem infrastruktūras objektiem","Bauskas novads",473
"Pārējie meži","Zem infrastruktūras objektiem","Cēsu novads",526
"Pārējie meži","Zem infrastruktūras objektiem","Dienvidkurzemes novads",401
"Pārējie meži","Zem infrastruktūras objektiem","Dobeles novads",259
"Pārējie meži","Zem infrastruktūras objektiem","Gulbenes novads",598
"Pārējie meži","Zem infrastruktūras objektiem","Jelgavas novads",204
"Pārējie meži","Zem infrastruktūras objektiem","Jēkabpils novads",642
"Pārējie meži","Zem infrastruktūras objektiem","Krāslavas novads",380
"Pārējie meži","Zem infrastruktūras objektiem","Kuldīgas novads",220
"Pārējie meži","Zem infrastruktūras objektiem","Ķekavas novads",313
"Pārējie meži","Zem infrastruktūras objektiem","Limbažu novads",787
"Pārējie meži","Zem infrastruktūras objektiem","Līvānu novads",135
"Pārējie meži","Zem infrastruktūras objektiem","Ludzas novads",572
"Pārējie meži","Zem infrastruktūras objektiem","Madonas novads (no 01.07.2025.)",0
"Pārējie meži","Zem infrastruktūras objektiem","Madonas novads",759
"Pārējie meži","Zem infrastruktūras objektiem","Mārupes novads",543
"Pārējie meži","Zem infrastruktūras objektiem","Ogres novads",788
"Pārējie meži","Zem infrastruktūras objektiem","Olaines novads",368
"Pārējie meži","Zem infrastruktūras objektiem","Preiļu novads",350
"Pārējie meži","Zem infrastruktūras objektiem","Rēzeknes novads",506
"Pārējie meži","Zem infrastruktūras objektiem","Ropažu novads",461
"Pārējie meži","Zem infrastruktūras objektiem","Salaspils novads",69
"Pārējie meži","Zem infrastruktūras objektiem","Saldus novads",312
"Pārējie meži","Zem infrastruktūras objektiem","Saulkrastu novads",75
"Pārējie meži","Zem infrastruktūras objektiem","Siguldas novads",285
"Pārējie meži","Zem infrastruktūras objektiem","Smiltenes novads",429
"Pārējie meži","Zem infrastruktūras objektiem","Talsu novads",804
"Pārējie meži","Zem infrastruktūras objektiem","Tukuma novads",420
"Pārējie meži","Zem infrastruktūras objektiem","Valkas novads",209
"Pārējie meži","Zem infrastruktūras objektiem","Valmieras novads",877
"Pārējie meži","Zem infrastruktūras objektiem","Varakļānu novads",35
"Pārējie meži","Zem infrastruktūras objektiem","Ventspils novads",612
"Pārējie meži","..ceļi","Latvija",2576
"Pārējie meži","..ceļi","Rīga",23
"Pārējie meži","..ceļi","Daugavpils",8
"Pārējie meži","..ceļi","Jelgava",0
"Pārējie meži","..ceļi","Jēkabpils",0
"Pārējie meži","..ceļi","Jūrmala",5
"Pārējie meži","..ceļi","Liepāja",1
"Pārējie meži","..ceļi","Ogre",1
"Pārējie meži","..ceļi","Rēzekne",0
"Pārējie meži","..ceļi","Valmiera",1
"Pārējie meži","..ceļi","Ventspils",5
"Pārējie meži","..ceļi","Aizkraukles novads",59
"Pārējie meži","..ceļi","Alūksnes novads",87
"Pārējie meži","..ceļi","Augšdaugavas novads",129
"Pārējie meži","..ceļi","Ādažu novads",23
"Pārējie meži","..ceļi","Balvu novads",99
"Pārējie meži","..ceļi","Bauskas novads",121
"Pārējie meži","..ceļi","Cēsu novads",71
"Pārējie meži","..ceļi","Dienvidkurzemes novads",60
"Pārējie meži","..ceļi","Dobeles novads",42
"Pārējie meži","..ceļi","Gulbenes novads",154
"Pārējie meži","..ceļi","Jelgavas novads",55
"Pārējie meži","..ceļi","Jēkabpils novads",60
"Pārējie meži","..ceļi","Krāslavas novads",150
"Pārējie meži","..ceļi","Kuldīgas novads",41
"Pārējie meži","..ceļi","Ķekavas novads",58
"Pārējie meži","..ceļi","Limbažu novads",50
"Pārējie meži","..ceļi","Līvānu novads",22
"Pārējie meži","..ceļi","Ludzas novads",77
"Pārējie meži","..ceļi","Madonas novads (no 01.07.2025.)",0
"Pārējie meži","..ceļi","Madonas novads",108
"Pārējie meži","..ceļi","Mārupes novads",72
"Pārējie meži","..ceļi","Ogres novads",123
"Pārējie meži","..ceļi","Olaines novads",56
"Pārējie meži","..ceļi","Preiļu novads",86
"Pārējie meži","..ceļi","Rēzeknes novads",68
"Pārējie meži","..ceļi","Ropažu novads",150
"Pārējie meži","..ceļi","Salaspils novads",12
"Pārējie meži","..ceļi","Saldus novads",38
"Pārējie meži","..ceļi","Saulkrastu novads",5
"Pārējie meži","..ceļi","Siguldas novads",30
"Pārējie meži","..ceļi","Smiltenes novads",59
"Pārējie meži","..ceļi","Talsu novads",85
"Pārējie meži","..ceļi","Tukuma novads",75
"Pārējie meži","..ceļi","Valkas novads",19
"Pārējie meži","..ceļi","Valmieras novads",90
"Pārējie meži","..ceļi","Varakļānu novads",2
"Pārējie meži","..ceļi","Ventspils novads",96
"Pārējie meži","..grāvji","Latvija",12958
"Pārējie meži","..grāvji","Rīga",15
"Pārējie meži","..grāvji","Daugavpils",0
"Pārējie meži","..grāvji","Jelgava",21
"Pārējie meži","..grāvji","Jēkabpils",0
"Pārējie meži","..grāvji","Jūrmala",8
"Pārējie meži","..grāvji","Liepāja",1
"Pārējie meži","..grāvji","Ogre",1
"Pārējie meži","..grāvji","Rēzekne",0
"Pārējie meži","..grāvji","Valmiera",0
"Pārējie meži","..grāvji","Ventspils",1
"Pārējie meži","..grāvji","Aizkraukles novads",478
"Pārējie meži","..grāvji","Alūksnes novads",396
"Pārējie meži","..grāvji","Augšdaugavas novads",238
"Pārējie meži","..grāvji","Ādažu novads",62
"Pārējie meži","..grāvji","Balvu novads",464
"Pārējie meži","..grāvji","Bauskas novads",351
"Pārējie meži","..grāvji","Cēsu novads",455
"Pārējie meži","..grāvji","Dienvidkurzemes novads",341
"Pārējie meži","..grāvji","Dobeles novads",216
"Pārējie meži","..grāvji","Gulbenes novads",445
"Pārējie meži","..grāvji","Jelgavas novads",150
"Pārējie meži","..grāvji","Jēkabpils novads",582
"Pārējie meži","..grāvji","Krāslavas novads",230
"Pārējie meži","..grāvji","Kuldīgas novads",179
"Pārējie meži","..grāvji","Ķekavas novads",255
"Pārējie meži","..grāvji","Limbažu novads",737
"Pārējie meži","..grāvji","Līvānu novads",113
"Pārējie meži","..grāvji","Ludzas novads",494
"Pārējie meži","..grāvji","Madonas novads (no 01.07.2025.)",0
"Pārējie meži","..grāvji","Madonas novads",651
"Pārējie meži","..grāvji","Mārupes novads",471
"Pārējie meži","..grāvji","Ogres novads",666
"Pārējie meži","..grāvji","Olaines novads",312
"Pārējie meži","..grāvji","Preiļu novads",264
"Pārējie meži","..grāvji","Rēzeknes novads",438
"Pārējie meži","..grāvji","Ropažu novads",311
"Pārējie meži","..grāvji","Salaspils novads",56
"Pārējie meži","..grāvji","Saldus novads",274
"Pārējie meži","..grāvji","Saulkrastu novads",70
"Pārējie meži","..grāvji","Siguldas novads",256
"Pārējie meži","..grāvji","Smiltenes novads",370
"Pārējie meži","..grāvji","Talsu novads",719
"Pārējie meži","..grāvji","Tukuma novads",344
"Pārējie meži","..grāvji","Valkas novads",190
"Pārējie meži","..grāvji","Valmieras novads",787
"Pārējie meži","..grāvji","Varakļānu novads",34
"Pārējie meži","..grāvji","Ventspils novads",516
"Pārējie meži","Pārējās meža zemes","Latvija",9816
"Pārējie meži","Pārējās meža zemes","Rīga",38
"Pārējie meži","Pārējās meža zemes","Daugavpils",0
"Pārējie meži","Pārējās meža zemes","Jelgava",0
"Pārējie meži","Pārējās meža zemes","Jēkabpils",0
"Pārējie meži","Pārējās meža zemes","Jūrmala",23
"Pārējie meži","Pārējās meža zemes","Liepāja",17
"Pārējie meži","Pārējās meža zemes","Ogre",0
"Pārējie meži","Pārējās meža zemes","Rēzekne",0
"Pārējie meži","Pārējās meža zemes","Valmiera",0
"Pārējie meži","Pārējās meža zemes","Ventspils",7
"Pārējie meži","Pārējās meža zemes","Aizkraukles novads",169
"Pārējie meži","Pārējās meža zemes","Alūksnes novads",403
"Pārējie meži","Pārējās meža zemes","Augšdaugavas novads",287
"Pārējie meži","Pārējās meža zemes","Ādažu novads",8
"Pārējie meži","Pārējās meža zemes","Balvu novads",133
"Pārējie meži","Pārējās meža zemes","Bauskas novads",127
"Pārējie meži","Pārējās meža zemes","Cēsu novads",853
"Pārējie meži","Pārējās meža zemes","Dienvidkurzemes novads",553
"Pārējie meži","Pārējās meža zemes","Dobeles novads",184
"Pārējie meži","Pārējās meža zemes","Gulbenes novads",218
"Pārējie meži","Pārējās meža zemes","Jelgavas novads",2
"Pārējie meži","Pārējās meža zemes","Jēkabpils novads",162
"Pārējie meži","Pārējās meža zemes","Krāslavas novads",492
"Pārējie meži","Pārējās meža zemes","Kuldīgas novads",352
"Pārējie meži","Pārējās meža zemes","Ķekavas novads",127
"Pārējie meži","Pārējās meža zemes","Limbažu novads",397
"Pārējie meži","Pārējās meža zemes","Līvānu novads",5
"Pārējie meži","Pārējās meža zemes","Ludzas novads",664
"Pārējie meži","Pārējās meža zemes","Madonas novads (no 01.07.2025.)",0
"Pārējie meži","Pārējās meža zemes","Madonas novads",411
"Pārējie meži","Pārējās meža zemes","Mārupes novads",557
"Pārējie meži","Pārējās meža zemes","Ogres novads",166
"Pārējie meži","Pārējās meža zemes","Olaines novads",1408
"Pārējie meži","Pārējās meža zemes","Preiļu novads",146
"Pārējie meži","Pārējās meža zemes","Rēzeknes novads",273
"Pārējie meži","Pārējās meža zemes","Ropažu novads",77
"Pārējie meži","Pārējās meža zemes","Salaspils novads",27
"Pārējie meži","Pārējās meža zemes","Saldus novads",163
"Pārējie meži","Pārējās meža zemes","Saulkrastu novads",21
"Pārējie meži","Pārējās meža zemes","Siguldas novads",77
"Pārējie meži","Pārējās meža zemes","Smiltenes novads",345
"Pārējie meži","Pārējās meža zemes","Talsu novads",275
"Pārējie meži","Pārējās meža zemes","Tukuma novads",105
"Pārējie meži","Pārējās meža zemes","Valkas novads",89
"Pārējie meži","Pārējās meža zemes","Valmieras novads",398
"Pārējie meži","Pārējās meža zemes","Varakļānu novads",3
"Pārējie meži","Pārējās meža zemes","Ventspils novads",53
