"Conventional dwellings and persons living in them by type of building and by year of construction in regions, cities, municipalities and neighbourhoods by Type of building, Occupancy status of dwelling, Period of construction, Unit and Time period"

"Type of building","Occupancy status of dwelling","Period of construction","Conventional dwellings 2011","Conventional dwellings 2021","Persons residing conventional dwellings 2011","Persons residing conventional dwellings 2021"
"Total","Occupied and unoccupied","Total",1018532,1063939,1940124,1833166
"Total","Occupied and unoccupied","Dwellings in buildings, which were completed before 1919",105390,115978,169299,158134
"Total","Occupied and unoccupied","Dwellings in buildings, which were completed in 1919 – 1945",126004,136029,236342,211903
"Total","Occupied and unoccupied","Dwellings in buildings, which were completed in 1946 – 1960",93297,94956,182070,163555
"Total","Occupied and unoccupied","Dwellings in buildings, which were completed in1961 – 1980",381261,380352,750305,683145
"Total","Occupied and unoccupied","Dwellings in buildings, which were completed in 1981 – 2000",247243,248453,495740,454213
"Total","Occupied and unoccupied","Dwellings in buildings, which were completed in 2001 – 2010",49997,53685,92223,110709
"Total","Occupied and unoccupied","Dwellings in buildings, which were completed in 2011 – 2015",1494,13087,1964,23593
"Total","Occupied and unoccupied","Dwellings in buildings, which were completed after 2015",0,13610,0,20704
"Total","Occupied and unoccupied","Not stated",13846,7789,12181,7210
"Total","Occupied","Total",807811,810992,1940124,1833166
"Total","Occupied","Dwellings in buildings, which were completed before 1919",74516,70461,169299,158134
"Total","Occupied","Dwellings in buildings, which were completed in 1919 – 1945",92084,83144,236342,211903
"Total","Occupied","Dwellings in buildings, which were completed in 1946 – 1960",75481,70916,182070,163555
"Total","Occupied","Dwellings in buildings, which were completed in1961 – 1980",324942,321603,750305,683145
"Total","Occupied","Dwellings in buildings, which were completed in 1981 – 2000",198090,201833,495740,454213
"Total","Occupied","Dwellings in buildings, which were completed in 2001 – 2010",33024,42631,92223,110709
"Total","Occupied","Dwellings in buildings, which were completed in 2011 – 2015",694,9173,1964,23593
"Total","Occupied","Dwellings in buildings, which were completed after 2015",0,8395,0,20704
"Total","Occupied","Not stated",8980,2836,12181,7210
"Residential buildings","Occupied and unoccupied","Total",1002089,1057573,1924243,1828765
"Residential buildings","Occupied and unoccupied","Dwellings in buildings, which were completed before 1919",104394,113589,168120,156275
"Residential buildings","Occupied and unoccupied","Dwellings in buildings, which were completed in 1919 – 1945",125200,134505,235516,210845
"Residential buildings","Occupied and unoccupied","Dwellings in buildings, which were completed in 1946 – 1960",92797,94387,181423,163190
"Residential buildings","Occupied and unoccupied","Dwellings in buildings, which were completed in1961 – 1980",379655,379590,748582,682471
"Residential buildings","Occupied and unoccupied","Dwellings in buildings, which were completed in 1981 – 2000",246689,247884,495112,454017
"Residential buildings","Occupied and unoccupied","Dwellings in buildings, which were completed in 2001 – 2010",49733,53397,91866,110572
"Residential buildings","Occupied and unoccupied","Dwellings in buildings, which were completed in 2011 – 2015",1480,13013,1953,23526
"Residential buildings","Occupied and unoccupied","Dwellings in buildings, which were completed after 2015",0,13593,0,20704
"Residential buildings","Occupied and unoccupied","Not stated",2141,7615,1671,7165
"Residential buildings","Occupied","Total",796372,808919,1924243,1828765
"Residential buildings","Occupied","Dwellings in buildings, which were completed before 1919",73781,69592,168120,156275
"Residential buildings","Occupied","Dwellings in buildings, which were completed in 1919 – 1945",91545,82635,235516,210845
"Residential buildings","Occupied","Dwellings in buildings, which were completed in 1946 – 1960",75084,70725,181423,163190
"Residential buildings","Occupied","Dwellings in buildings, which were completed in1961 – 1980",323925,321313,748582,682471
"Residential buildings","Occupied","Dwellings in buildings, which were completed in 1981 – 2000",197763,201758,495112,454017
"Residential buildings","Occupied","Dwellings in buildings, which were completed in 2001 – 2010",32820,42569,91866,110572
"Residential buildings","Occupied","Dwellings in buildings, which were completed in 2011 – 2015",686,9120,1953,23526
"Residential buildings","Occupied","Dwellings in buildings, which were completed after 2015",0,8395,0,20704
"Residential buildings","Occupied","Not stated",768,2812,1671,7165
"One-dwelling residential buildings","Occupied and unoccupied","Total",270226,293057,542020,553820
"One-dwelling residential buildings","Occupied and unoccupied","Dwellings in buildings, which were completed before 1919",20801,22339,41562,39717
"One-dwelling residential buildings","Occupied and unoccupied","Dwellings in buildings, which were completed in 1919 – 1945",76936,80994,155987,141601
"One-dwelling residential buildings","Occupied and unoccupied","Dwellings in buildings, which were completed in 1946 – 1960",38047,38509,81682,74687
"One-dwelling residential buildings","Occupied and unoccupied","Dwellings in buildings, which were completed in1961 – 1980",53170,51907,109863,110058
"One-dwelling residential buildings","Occupied and unoccupied","Dwellings in buildings, which were completed in 1981 – 2000",59211,59129,102207,104533
"One-dwelling residential buildings","Occupied and unoccupied","Dwellings in buildings, which were completed in 2001 – 2010",19658,20867,48044,50943
"One-dwelling residential buildings","Occupied and unoccupied","Dwellings in buildings, which were completed in 2011 – 2015",833,6177,1454,13391
"One-dwelling residential buildings","Occupied and unoccupied","Dwellings in buildings, which were completed after 2015",0,6416,0,12420
"One-dwelling residential buildings","Occupied and unoccupied","Not stated",1570,6719,1221,6470
"One-dwelling residential buildings","Occupied","Total",189139,198541,542020,553820
"One-dwelling residential buildings","Occupied","Dwellings in buildings, which were completed before 1919",15104,13975,41562,39717
"One-dwelling residential buildings","Occupied","Dwellings in buildings, which were completed in 1919 – 1945",56731,50606,155987,141601
"One-dwelling residential buildings","Occupied","Dwellings in buildings, which were completed in 1946 – 1960",30424,27961,81682,74687
"One-dwelling residential buildings","Occupied","Dwellings in buildings, which were completed in1961 – 1980",38341,39865,109863,110058
"One-dwelling residential buildings","Occupied","Dwellings in buildings, which were completed in 1981 – 2000",32958,37883,102207,104533
"One-dwelling residential buildings","Occupied","Dwellings in buildings, which were completed in 2001 – 2010",14560,16901,48044,50943
"One-dwelling residential buildings","Occupied","Dwellings in buildings, which were completed in 2011 – 2015",465,4586,1454,13391
"One-dwelling residential buildings","Occupied","Dwellings in buildings, which were completed after 2015",0,4254,0,12420
"One-dwelling residential buildings","Occupied","Not stated",556,2510,1221,6470
"Two-dwelling residential buildings","Occupied and unoccupied","Total",19738,28208,41416,42933
"Two-dwelling residential buildings","Occupied and unoccupied","Dwellings in buildings, which were completed before 1919",3762,5906,7373,8062
"Two-dwelling residential buildings","Occupied and unoccupied","Dwellings in buildings, which were completed in 1919 – 1945",5599,9164,11297,12860
"Two-dwelling residential buildings","Occupied and unoccupied","Dwellings in buildings, which were completed in 1946 – 1960",4590,5765,9335,8975
"Two-dwelling residential buildings","Occupied and unoccupied","Dwellings in buildings, which were completed in1961 – 1980",3354,3635,7673,5951
"Two-dwelling residential buildings","Occupied and unoccupied","Dwellings in buildings, which were completed in 1981 – 2000",1055,900,2602,1462
"Two-dwelling residential buildings","Occupied and unoccupied","Dwellings in buildings, which were completed in 2001 – 2010",1249,1496,2970,3430
"Two-dwelling residential buildings","Occupied and unoccupied","Dwellings in buildings, which were completed in 2011 – 2015",56,472,99,976
"Two-dwelling residential buildings","Occupied and unoccupied","Dwellings in buildings, which were completed after 2015",0,642,0,1000
"Two-dwelling residential buildings","Occupied and unoccupied","Not stated",73,228,67,217
"Two-dwelling residential buildings","Occupied","Total",15685,17875,41416,42933
"Two-dwelling residential buildings","Occupied","Dwellings in buildings, which were completed before 1919",2906,3493,7373,8062
"Two-dwelling residential buildings","Occupied","Dwellings in buildings, which were completed in 1919 – 1945",4333,5499,11297,12860
"Two-dwelling residential buildings","Occupied","Dwellings in buildings, which were completed in 1946 – 1960",3726,3943,9335,8975
"Two-dwelling residential buildings","Occupied","Dwellings in buildings, which were completed in1961 – 1980",2855,2510,7673,5951
"Two-dwelling residential buildings","Occupied","Dwellings in buildings, which were completed in 1981 – 2000",891,549,2602,1462
"Two-dwelling residential buildings","Occupied","Dwellings in buildings, which were completed in 2001 – 2010",907,1128,2970,3430
"Two-dwelling residential buildings","Occupied","Dwellings in buildings, which were completed in 2011 – 2015",29,303,99,976
"Two-dwelling residential buildings","Occupied","Dwellings in buildings, which were completed after 2015",0,362,0,1000
"Two-dwelling residential buildings","Occupied","Not stated",38,88,67,217
"Three or more dwelling residential buildings","Occupied and unoccupied","Total",712125,736308,1340807,1232012
"Three or more dwelling residential buildings","Occupied and unoccupied","Dwellings in buildings, which were completed before 1919",79831,85344,119185,108496
"Three or more dwelling residential buildings","Occupied and unoccupied","Dwellings in buildings, which were completed in 1919 – 1945",42665,44347,68232,56384
"Three or more dwelling residential buildings","Occupied and unoccupied","Dwellings in buildings, which were completed in 1946 – 1960",50160,50113,90406,79528
"Three or more dwelling residential buildings","Occupied and unoccupied","Dwellings in buildings, which were completed in1961 – 1980",323131,324048,631046,566462
"Three or more dwelling residential buildings","Occupied and unoccupied","Dwellings in buildings, which were completed in 1981 – 2000",186423,187855,390303,348022
"Three or more dwelling residential buildings","Occupied and unoccupied","Dwellings in buildings, which were completed in 2001 – 2010",28826,31034,40852,56199
"Three or more dwelling residential buildings","Occupied and unoccupied","Dwellings in buildings, which were completed in 2011 – 2015",591,6364,400,9159
"Three or more dwelling residential buildings","Occupied and unoccupied","Dwellings in buildings, which were completed after 2015",0,6535,0,7284
"Three or more dwelling residential buildings","Occupied and unoccupied","Not stated",498,668,383,478
"Three or more dwelling residential buildings","Occupied","Total",591548,592503,1340807,1232012
"Three or more dwelling residential buildings","Occupied","Dwellings in buildings, which were completed before 1919",55771,52124,119185,108496
"Three or more dwelling residential buildings","Occupied","Dwellings in buildings, which were completed in 1919 – 1945",30481,26530,68232,56384
"Three or more dwelling residential buildings","Occupied","Dwellings in buildings, which were completed in 1946 – 1960",40934,38821,90406,79528
"Three or more dwelling residential buildings","Occupied","Dwellings in buildings, which were completed in1961 – 1980",282729,278938,631046,566462
"Three or more dwelling residential buildings","Occupied","Dwellings in buildings, which were completed in 1981 – 2000",163914,163326,390303,348022
"Three or more dwelling residential buildings","Occupied","Dwellings in buildings, which were completed in 2001 – 2010",17353,24540,40852,56199
"Three or more dwelling residential buildings","Occupied","Dwellings in buildings, which were completed in 2011 – 2015",192,4231,400,9159
"Three or more dwelling residential buildings","Occupied","Dwellings in buildings, which were completed after 2015",0,3779,0,7284
"Three or more dwelling residential buildings","Occupied","Not stated",174,214,383,478
"Non-residential buildings","Occupied and unoccupied","Total",1357,6366,1441,4401
"Non-residential buildings","Occupied and unoccupied","Dwellings in buildings, which were completed before 1919",264,2389,301,1859
"Non-residential buildings","Occupied and unoccupied","Dwellings in buildings, which were completed in 1919 – 1945",276,1524,220,1058
"Non-residential buildings","Occupied and unoccupied","Dwellings in buildings, which were completed in 1946 – 1960",144,569,210,365
"Non-residential buildings","Occupied and unoccupied","Dwellings in buildings, which were completed in1961 – 1980",307,762,290,674
"Non-residential buildings","Occupied and unoccupied","Dwellings in buildings, which were completed in 1981 – 2000",263,569,292,196
"Non-residential buildings","Occupied and unoccupied","Dwellings in buildings, which were completed in 2001 – 2010",84,288,113,137
"Non-residential buildings","Occupied and unoccupied","Dwellings in buildings, which were completed in 2011 – 2015",8,74,2,67
"Non-residential buildings","Occupied and unoccupied","Dwellings in buildings, which were completed after 2015",0,17,0,0
"Non-residential buildings","Occupied and unoccupied","Not stated",11,174,13,45
"Non-residential buildings","Occupied","Total",605,2073,1441,4401
"Non-residential buildings","Occupied","Dwellings in buildings, which were completed before 1919",123,869,301,1859
"Non-residential buildings","Occupied","Dwellings in buildings, which were completed in 1919 – 1945",108,509,220,1058
"Non-residential buildings","Occupied","Dwellings in buildings, which were completed in 1946 – 1960",87,191,210,365
"Non-residential buildings","Occupied","Dwellings in buildings, which were completed in1961 – 1980",119,290,290,674
"Non-residential buildings","Occupied","Dwellings in buildings, which were completed in 1981 – 2000",110,75,292,196
"Non-residential buildings","Occupied","Dwellings in buildings, which were completed in 2001 – 2010",48,62,113,137
"Non-residential buildings","Occupied","Dwellings in buildings, which were completed in 2011 – 2015",2,53,2,67
"Non-residential buildings","Occupied","Dwellings in buildings, which were completed after 2015",0,0,0,0
"Non-residential buildings","Occupied","Not stated",8,24,13,45
"Not stated","Occupied and unoccupied","Total",15086,0,14440,0
"Not stated","Occupied and unoccupied","Dwellings in buildings, which were completed before 1919",732,0,878,0
"Not stated","Occupied and unoccupied","Dwellings in buildings, which were completed in 1919 – 1945",528,0,606,0
"Not stated","Occupied and unoccupied","Dwellings in buildings, which were completed in 1946 – 1960",356,0,437,0
"Not stated","Occupied and unoccupied","Dwellings in buildings, which were completed in1961 – 1980",1299,0,1433,0
"Not stated","Occupied and unoccupied","Dwellings in buildings, which were completed in 1981 – 2000",291,0,336,0
"Not stated","Occupied and unoccupied","Dwellings in buildings, which were completed in 2001 – 2010",180,0,244,0
"Not stated","Occupied and unoccupied","Dwellings in buildings, which were completed in 2011 – 2015",6,0,9,0
"Not stated","Occupied and unoccupied","Dwellings in buildings, which were completed after 2015",0,0,0,0
"Not stated","Occupied and unoccupied","Not stated",11694,0,10497,0
"Not stated","Occupied","Total",10834,0,14440,0
"Not stated","Occupied","Dwellings in buildings, which were completed before 1919",612,0,878,0
"Not stated","Occupied","Dwellings in buildings, which were completed in 1919 – 1945",431,0,606,0
"Not stated","Occupied","Dwellings in buildings, which were completed in 1946 – 1960",310,0,437,0
"Not stated","Occupied","Dwellings in buildings, which were completed in1961 – 1980",898,0,1433,0
"Not stated","Occupied","Dwellings in buildings, which were completed in 1981 – 2000",217,0,336,0
"Not stated","Occupied","Dwellings in buildings, which were completed in 2001 – 2010",156,0,244,0
"Not stated","Occupied","Dwellings in buildings, which were completed in 2011 – 2015",6,0,9,0
"Not stated","Occupied","Dwellings in buildings, which were completed after 2015",0,0,0,0
"Not stated","Occupied","Not stated",8204,0,10497,0
